Workbook

Sheet OYONNAX NANTUA
M1: Sortie + sous objectif (les noter en vert tant que vous les garder en suivi dans l'emploi)
B2: Accompagnement des bénéficiaires du RSA - "CIP +" / 2025 | K2: Sortie + sous objectif (les noter en vert tant que vous les garder en suivi dans l'emploi) | M2: suspension remob
B3: Territoire: CDS OYONNAX NANTUA - LOT 2/ CLPE ZONE 4 | K3: suspension remob
B4: Nom de l'OPERATEUR : ALFA3A | K4: Cli
A6: CIP : KIM OU
C7: Somme de BRSA suivi - en cours | D7: =SUM(A13:A543) -> 66 | U7: SORTIES DU DISPOSITIF
U8: SORTIES sous objectif
J9: DATE | M9: DATE | O9: FREINS IDENTIFIES
B11: H/F | C11: NOM | D11: PRENOM | E11: âge | F11: Niveau scolaire | G11: CDS | H11: DATE ORIENTATION | I11: DATE 1ER RDV fixé | J11: CONTRAT ENGAGEMENT SIGNE | K11: FIN ACC | L11: BILAN PARCOURS (7eme mois) | M11: CE Signé | N11: Fin acc 12 mois | O11: 1 | P11: 2 | Q11: autre | R11: NOMBRE D OFFRES D EMPLOI PROPOSEES (OE/INFO COLL/jobdating..)(chiffres à cumuler / mois | S11: NBRE D ENTRETIENS DE RECRUTEMENT OBTENUS SUITE A VOS OFFRES D EMPLOI(chiffres à cumuler / mois | T11: PMSMP | U11: Motif de sortie | V11: MOTIF de la REO | W11: types | X11: DATE SORTIE | Y11: Saisie FSE | Z11: FLE (GoOn-Ifra-Ville Bourg-centre social..) | AA11: Declic Emploi HBA | AB11: MIFE 01 | AC11: AIDE FINANCIERE | AD11: Conseillers numériques | AE11: GO ON | AF11: MOBILITE | AG11: ARIANE | AH11: AGENT DE SANTE | AI11: ADAPT | AJ11: ORSAC | AK11: REPIT PARENTAL | AL11: Clauses sociales | AM11: Autres (preciser) | AN11: COMMENTAIRES /OBSERVATION | AO11: DDE DE CLI
A13: 1 | B13: Monsieur | C13: AL-RIHEMAWEE | D13: Qays | E13: 54 | G13: Oyonnax | H13: 45835 | I13: 45868 | J13: 45930 | K13: =J13+180 -> 46110 | L13: Renouvellement | M13: 46142 | N13: =M13+180 -> 46322 | O13: mobilite | P13: sante mentale | R13: 3 | S13: 2 | Y13: P486 | AE13: 1 | AM13: IAE | AN13: FLE - Défricheur ? Ne va plus au cours de francais / ne parle pas du tout le francais absent atc 12/02 et entretien 13/04
A14: 1 | B14: Monsieur | C14: ARBINOT | D14: Alexandre | E14: 40 | G14: Nantua | H14: 45828 | I14: 45880 | J14: 45880 | K14: =J14+180 -> 46060 | L14: Renouvellement | M14: 46064 | N14: =M14+180 -> 46244 | O14: SANTE | P14: MOBILITE | R14: 0 | T14: 1 | Y14: P121
A15: 1 | B15: Monsieur | C15: CAVDAR | D15: Tugay | E15: 26 | G15: Oyonnax | H15: 45805 | I15: 45894 | J15: 45929 | K15: =J15+180 -> 46109 | N15: =M15+180 -> 180 | O15: SANTE | P15: MOBILITE | Y15: P1267 | AN15: absent le02/09 et le 1/10 ATC / pas repris contact Absent 09/06/26 | AO15: 1
A16: 1 | B16: Monsieur | C16: CIMEN | D16: Mehmet | E16: 41 | G16: Oyonnax | H16: 45820 | I16: 45875 | J16: 45896 | K16: =J16+180 -> 46076 | N16: =M16+180 -> 180 | O16: SANTE | P16: MOBILITE | AN16: absences répétes (agent sante et atelier) / Pas repris contact Absent 9/06/26 | AO16: 1
A17: 1 | B17: Madame | C17: DESSAINTJEAN | D17: Amandine | E17: 29 | G17: Nantua | H17: 45771 | I17: 45895 | J17: 45901 | K17: =J17+180 -> 46081 | L17: Renouvellement | M17: 46114 | N17: =M17+180 -> 46294 | O17: mobilité | P17: garde enfant | R17: 6 | S17: 1 | Y17: P93 | AN17: absente le 29/09 - projet ambulanciere
A18: 1 | B18: Monsieur | C18: ERAMIL | D18: Erhan | E18: 38 | G18: Oyonnax | H18: 45770 | I18: 45880 | J18: 45966 | K18: =J18+180 -> 46146 | L18: Renouvellement | M18: 46189 | N18: =M18+180 -> 46369 | R18: 5 | Y18: P232 | AM18: IAE | AN18: absent 11/08 et 28/08 - contact repris pour signer CE - Absent 31/12 ATC //contrôle le 22/04 // absent le 7/05 et ATC 12/05 // absent le 13/07 | AO18: 1
A19: 1 | B19: Monsieur | C19: JUILLARD | D19: Frédéric | E19: 45 | G19: Nantua | H19: 45838 | I19: 45901 | J19: 45890 | K19: =J19+180 -> 46070 | L19: Renouvellement | M19: 46094 | N19: =M19+180 -> 46274 | O19: mobilite | R19: 3 | T19: 1 | Y19: P50 | AN19: aucun projet se bouger sinon suspension remob
A20: 1 | B20: Madame | C20: KANBOUI | D20: Zineb | E20: 36 | G20: Oyonnax | H20: 45770 | I20: 45889 | J20: 45916 | K20: =J20+180 -> 46096 | L20: Renouvellement | M20: 46122 | N20: =M20+180 -> 46302 | O20: GARDE ENFANTS | P20: fle | Q20: mobilite | R20: 5 | Y20: P72 | AN20: prend cours de francais
A21: 1 | B21: Madame | C21: KONMAZ | D21: Ayse | E21: 51 | G21: Oyonnax | H21: 45845 | I21: 45894 | J21: 45859 | K21: =J21+180 -> 46039 | L21: Renouvellement | M21: 46111 | N21: =M21+180 -> 46291 | O21: mobilité | R21: 7 | S21: 1 | Y21: P113 | AN21: absent ATC 25/09 ET 6/01 ATC 8/01 : SUSPENSION REMOBILISATION | AO21: 1
A22: 1 | B22: Monsieur | C22: LAOUFI | D22: Hamza | E22: 28 | G22: Oyonnax | H22: 45789 | I22: 45894 | J22: 45902 | K22: =J22+180 -> 46082 | L22: Renouvellement | M22: 46163 | N22: =M22+180 -> 46343 | O22: mobilité | R22: 7 | S22: 2 | T22: 1 | Y22: P11 | AN22: CDI DEPUIS 3/03
A23: 1 | B23: Madame | C23: LAMBREZ | D23: Angélique | E23: 44 | G23: Nantua | H23: 45854 | I23: 45925 | J23: 45925 | K23: =J23+180 -> 46105 | L23: Renouvellement | M23: 46125 | N23: =M23+180 -> 46305 | O23: sante | P23: mobilité | R23: 3 | T23: 4 | Y23: P102 | AN23: 3 immersions
A24: 1 | B24: Madame | C24: MOHAMMAD | D24: Sania | E24: 33 | G24: Nantua | H24: 45847 | I24: 45860 | J24: 45880 | K24: =J24+180 -> 46060 | L24: Renouvellement | M24: 46063 | N24: =M24+180 -> 46243 | O24: FLE +++ | P24: MOBILITE | R24: 5 | Y24: P12 | AN24: barriere de la langue - pakistanaise -
A25: 1 | B25: Monsieur | C25: NACIRY | D25: Moussa | E25: 39 | G25: Oyonnax | H25: 45845 | I25: 45859 | J25: 45859 | K25: =J25+180 -> 46039 | L25: Renouvellement | M25: 46113 | N25: =M25+180 -> 46293 | O25: MOBILITE | R25: 1 | S25: 1 | Y25: P978 | AN25: demission poste CDI - absent 12/01 et 15/01 26/01- SUSPENSION REMOB absent ATC 16/03 CDD 2 MOIS
A26: 1 | B26: Madame | C26: OZDEMIR | D26: Songul | E26: 39 | G26: Oyonnax | H26: 45849 | I26: 45915 | J26: 45945 | K26: =J26+180 -> 46125 | L26: Renouvellement | M26: 46132 | N26: =M26+180 -> 46312 | Y26: P737 | AN26: jusqu'en janvier 108h /mois - CDD successifs
A27: 1 | B27: Madame | C27: OZKAN | D27: Nezahat | E27: 50 | G27: Oyonnax | H27: 45835 | I27: 45915 | J27: 45937 | K27: =J27+180 -> 46117 | L27: Renouvellement | M27: 46162 | N27: =M27+180 -> 46342 | O27: fle | R27: 5 | S27: 1 | Y27: P158 | AN27: absent 15/09, petite mission interim
A28: 1 | B28: Madame | C28: OZTURK | D28: Fatma | E28: 40 | G28: Oyonnax | H28: 45820 | I28: 45915 | J28: 45915 | K28: =J28+180 -> 46095 | L28: Renouvellement | M28: 46115 | N28: =M28+180 -> 46295 | O28: garde enfants | R28: 4 | S28: 1 | T28: 1 | Y28: P16 | AM28: iae | AN28: projet ambulanciere
A29: 1 | B29: Monsieur | C29: SAFI | D29: Abdul | E29: 28 | G29: Oyonnax | H29: 45770 | I29: 45901 | J29: 45901 | K29: =J29+180 -> 46081 | L29: Renouvellement | M29: 46132 | N29: =M29+180 -> 46312 | O29: fle | Y29: P1010 | AN29: En emploi interimaire / pbme papier sur SDP impossible d'acceder à son dossier REPRENDRE CONTACT
A30: 1 | B30: Monsieur | C30: SARROUKH | D30: Mohcine | E30: 39 | G30: Oyonnax | H30: 45835 | I30: 45880 | J30: 45973 | K30: =J30+180 -> 46153 | L30: Renouvellement | M30: 46168 | N30: =M30+180 -> 46348 | O30: fle | P30: mobilite | R30: 9 | Y30: P483 | AE30: 1 | AM30: IAE | AN30: absent 9/03
A31: 0 | B31: Madame | C31: TARDY | D31: Anaïs | E31: 36 | G31: Nantua | H31: 45831 | I31: 38603 | J31: 45902 | K31: =J31+180 -> 46082 | L31: Tripartite | N31: =M31+180 -> 180 | O31: garde enfants | P31: mobilite | T31: 1 | Y31: P42 | AN31: absent atc 25/09
A32: 0 | B32: Monsieur | C32: URCEL | D32: Steve | E32: 38 | G32: Oyonnax | H32: 45846 | I32: 45853 | J32: 45996 | K32: =J32+180 -> 46176 | L32: Renouvellement | M32: 46206 | N32: =M32+180 -> 46386 | O32: sante | P32: mobilite | Y32: P316 | AN32: contrat en Espagne qui s'est avéré etre une arnaque - demarches santé - fait des demarches en suisse absent le 05/06 // CDI 13/07/26
A33: 0 | B33: Monsieur | C33: AKAKHIL | D33: Mohammed | E33: 25 | G33: Oyonnax | H33: 45905 | I33: 45930 | J33: 45951 | K33: =J33+180 -> 46131 | L33: Renouvellement | M33: 46104 | N33: =M33+180 -> 46284 | O33: fle +++ | P33: mobilite | R33: 1 | S33: 1 | Y33: P234 | AN33: 600 HEURES OFII Aabsent 30/09 et 4/01 SUSENSION REMOB
A34: 1 | B34: Madame | C34: GUERIAUD | D34: Sabrina | E34: 37 | G34: oyonnax | H34: 45810 | I34: 45929 | J34: 45951 | K34: =J34+180 -> 46131 | L34: Renouvellement | M34: 46134 | N34: =M34+180 -> 46314 | O34: garde enfants | P34: mobilite | R34: 1 | S34: 2 | T34: 1 | Y34: P484 | AN34: Absent 6/01 atc - lui parler du voile… absent atc 10/03 ET 19/05 JOB DATING
A35: 1 | B35: Madame | C35: BELHASSAN | D35: Ilham | E35: 32 | G35: oyonnax | H35: 45936 | I35: 45952 | J35: 45980 | K35: =J35+180 -> 46160 | L35: Renouvellement | M35: 46171 | N35: =M35+180 -> 46351 | O35: garde enfants | R35: 3 | S35: 1 | T35: 1 | Y35: P317 | AM35: IAE
A36: 1 | B36: Madame | C36: LEGGUI | D36: HAFIDA | E36: 34 | G36: Oyonnax | H36: 46013 | I36: 46041 | J36: 46041 | K36: =J36+180 -> 46221 | L36: Renouvellement | M36: 46222 | N36: =M36+180 -> 46402 | O36: GARDE ENFANT | P36: mobilite | T36: 1 | Y36: P766 | AN36: absent 19/01/26 CDD 20/04 AU 31/07
A37: 1 | B37: Monsieur | C37: BENHAMED | D37: ZIED | E37: 47 | G37: Oyonnax | H37: 46029 | I37: 46048 | J37: 46126 | K37: =J37+180 -> 46306 | N37: =M37+180 -> 180 | Y37: P1116 | AN37: Absent 26/01 et 12/03
A38: 0 | B38: Monsieur | C38: SIOUDA | D38: OUSSAMA | E38: 35 | G38: Oyonnax | H38: 46036 | I38: 46050 | J38: 46050 | K38: =J38+180 -> 46230 | N38: =M38+180 -> 180 | R38: 4 | S38: 4 | Y38: P977 | AN38: PAS ACCES SDP Absent 18/02 et 18/05
A39: 1 | B39: Madame | C39: NAOUMI | D39: MILOUDA | E39: 41 | G39: Oyonnax | H39: 46062 | I39: 46080 | J39: 46080 | K39: =J39+180 -> 46260 | N39: =M39+180 -> 180 | O39: garde enfant | P39: mobilite | R39: 2 | S39: 1 | Y39: P1003 | AM39: IAE | AN39: absent atc 10/03
A40: 1 | B40: Monsieur | C40: MORFIN | D40: FREDERIC | E40: 55 | G40: Nantua | H40: 46114 | I40: 46133 | J40: 46133 | K40: =J40+180 -> 46313 | N40: =M40+180 -> 180 | O40: mobilite | R40: 1 | Y40: P1115 | AN40: Absent 10/02 et le 11/03
A41: 1 | B41: Madame | C41: LEBRET | D41: ISABELLE | E41: 53 | G41: Oyonnax | H41: 46090 | I41: 46112 | J41: 46128 | K41: =J41+180 -> 46308 | N41: =M41+180 -> 180 | O41: mobilite | R41: 2 | Y41: P1117
A42: 1 | B42: Madame | C42: COLLOMB | D42: CATHERINE | E42: 61 | G42: Nantua | H42: 46115 | I42: 46133 | J42: 46133 | K42: =J42+180 -> 46313 | N42: =M42+180 -> 180 | R42: 2 | Y42: P1146
A43: 1 | B43: Monsieur | C43: CHAMCHAM | D43: M'barek | E43: 56 | G43: Oyonnax | H43: 46121 | I43: 46140 | J43: 46140 | K43: =J43+180 -> 46320 | N43: =M43+180 -> 180 | O43: langue | R43: 7 | S43: 1 | Y43: P1145 | Z43: 1 | AE43: 1
A44: 1 | B44: Monsieur | C44: CHEVAUCHET | D44: Andy | E44: 38 | G44: Oyonnax | H44: 46115 | I44: 46140 | J44: 46140 | K44: =J44+180 -> 46320 | N44: =M44+180 -> 180 | O44: sante | P44: mobilite | R44: 2 | Y44: P1123
A45: 1 | B45: Madame | C45: EL BARHMI | D45: Chaima | E45: 26 | G45: Oyonnax | H45: 46122 | I45: 46141 | J45: 46141 | K45: =J45+180 -> 46321 | N45: =M45+180 -> 180 | R45: 3 | S45: 1 | Y45: P1147
A46: 1 | B46: Monsieur | C46: SAHBAZER | D46: Fatih | E46: 45 | G46: Nantua | H46: 46139 | I46: 46154 | J46: 46154 | K46: =J46+180 -> 46334 | N46: =M46+180 -> 180 | R46: 1 | S46: 1 | Y46: P1143 | AN46: arret du 05/06 au 05/07
A47: 1 | B47: Monsieur | C47: AMAL | D47: Zine-El-Abidine | E47: 33 | G47: Oyonnax | H47: 46168 | I47: 46185 | J47: 46220 | K47: =J47+180 -> 46400 | N47: =M47+180 -> 180 | AN47: ABSENT 12/06/26 et 26/06
A48: 1 | B48: Madame | C48: BAMBA | D48: Tenimba | E48: 30 | G48: Oyonnax | H48: 46168 | I48: 46188 | J48: 46188 | K48: =J48+180 -> 46368 | N48: =M48+180 -> 180 | R48: 2 | S48: 1 | AM48: IAE | AN48: absent me 13/07
A49: 1 | B49: Monsieur | C49: RODRIGUEZ- PODESTA | D49: Alexis | E49: 27 | G49: Oyonnax | H49: 46168 | I49: 46185 | J49: 46185 | K49: =J49+180 -> 46365 | N49: =M49+180 -> 180 | O49: SANTE | Y49: P1391
A50: 1 | B50: Monsieur | C50: YILDIZ | D50: Yusuf | E50: 45 | G50: Oyonnax | H50: 46168 | I50: 46189 | J50: 46206 | K50: =J50+180 -> 46386 | N50: =M50+180 -> 180 | AN50: absent 16/06 et job dating 9/07
A51: 1 | B51: Madame | C51: ROSSIGNOL | D51: Tiffany | E51: 32 | G51: Oyonnax | H51: 46149 | I51: 46160 | J51: 46176 | K51: =J51+180 -> 46356 | N51: =M51+180 -> 180 | R51: 1 | S51: 1
A52: 1 | B52: Monsieur | C52: BOUNABI | D52: Azedine | E52: 46 | G52: Oyonnax | H52: 46176 | I52: 46192 | J52: 46216 | K52: =J52+180 -> 46396 | N52: =M52+180 -> 180 | R52: 1 | S52: 1 | AM52: recyclaire | AN52: ABSENT 18/06
A53: 1 | B53: Monsieur | C53: CHAU | D53: Georges | E53: 39 | G53: Oyonnax | H53: 46176 | I53: 46196 | J53: 46196 | K53: =J53+180 -> 46376 | N53: =M53+180 -> 180 | O53: SANTE | Y53: P1390
A54: 0 | B54: Monsieur | C54: ALCHAB | D54: Younes | G54: Oyonnax | H54: 46176 | I54: 46195 | AN54: Absent 22/06/26 et 7/07
A55: 0 | B55: Monsieur | C55: MOUHSINE | D55: Amine | E55: 34 | G55: Oyonnax | H55: 46176 | I55: 46205 | J55: 46205 | K55: =J55+180 -> 46385 | R55: 1
A56: 1 | B56: Monsieur | C56: OUAFIK | D56: Marouane | E56: 37 | G56: Oyonnax | H56: 46176 | I56: 46191 | J56: 46191 | K56: =J56+180 -> 46371
A57: 1 | B57: Madame | C57: SAHLI | D57: Rahma | E57: 58 | G57: Oyonnax | H57: 46176 | I57: 46205 | AN57: absent 02/07 et 17/07
A58: 1 | B58: Monsieur | C58: MICHAUD | D58: Thierry | E58: 53 | G58: Nantua | H58: 46191 | I58: 46209 | J58: 46209 | K58: =J58+180 -> 46389 | O58: sante | R58: 1
A59: 1 | B59: Madame | C59: MUREKEYISONI/ KAZIBAKE | D59: Agnes | E59: 52 | G59: Oyonnax | H59: 46191 | I59: 46212 | J59: 46212 | K59: =J59+180 -> 46392 | O59: mobilite | AN59: projet aide soignante
A60: 1 | B60: Madame | C60: KABERUKA | D60: Nyiramahoro | E60: 33 | G60: Oyonnax | H60: 46195 | I60: 46212 | J60: 46212 | K60: =J60+180 -> 46392 | O60: mobilite
A61: 1 | B61: Madame | C61: KORUCU | D61: Sevcan | E61: 46 | G61: Oyonnax | H61: 46196 | I61: 46212 | J61: 46212 | K61: =J61+180 -> 46392 | R61: 1 | S61: 1 | AE61: 1 | AM61: IAE | AN61: A refusé l'offre d'Alpy 01/09/26 //
A62: 0 | B62: Monsieur | C62: SOLTANI | D62: Kamel | H62: 46205 | I62: 46227
A63: 1 | B63: Madame | C63: BUFFARD | D63: Jessica | E63: 38 | G63: Oyonnax | H63: 46205 | I63: 46219 | J63: 46219 | K63: =J63+180 -> 46399
A64: 0 | B64: Madame | C64: BELHADJ | D64: Lila | E64: 36 | G64: Oyonnax | H64: 46205 | I64: 46227 | AN64: absente 24/07 et 10/08
A65: 1 | B65: Madame | C65: DE BONA | D65: Vanessa | E65: 41 | G65: Nantua | H65: 46205 | I65: 46225 | J65: 46225 | K65: =J65+180 -> 46405
A66: 1 | B66: Madame | C66: CENGIZ | D66: Elif | E66: 44 | G66: Oyonnax | H66: 46205 | I66: 46219 | J66: 46219 | K66: =J66+180 -> 46399 | O66: SANTE | P66: ENFANTS MDPH
A67: 1 | B67: Madame | C67: FICHOT | D67: Christelle | E67: 49 | G67: Oyonnax | H67: 46209 | I67: 46226 | J67: 46226 | K67: =J67+180 -> 46406 | O67: mobilité
A68: 1 | B68: Madame | C68: DEDIC | D68: Hanifa | E68: 62 | G68: Oyonnax | H68: 46209 | I68: 46226 | AN68: congés posés sur FT nouveau rdv le 25/08
A69: 0 | B69: Madame | C69: VAHA | D69: Perline | E69: 31 | G69: Oyonnax | H69: 46209 | I69: 46226 | AN69: absente 23/07
A70: 1 | B70: Madame | C70: BUISSON | D70: MAEVA | E70: 26 | G70: Oyonnax | H70: 46210 | I70: 46226 | J70: 46226 | K70: =J70+180 -> 46406
A71: 1 | B71: Madame | C71: TOURI | D71: Nabila | E71: 46 | G71: Oyonnax | H71: 46210 | I71: 46226 | J71: 46226 | K71: =J71+180 -> 46406
A72: 1 | B72: Madame | C72: STELLFELD | D72: Fanny | E72: 46 | G72: Oyonnax | H72: 46213 | I72: 46231 | J72: 46244 | AN72: absent 28/07
A73: 1 | B73: Madame | C73: DJANE LOU | D73: Nikima | E73: 26 | G73: Oyonnax | H73: 46213 | I73: 46231 | J73: 46244 | AN73: absent 28/07
A74: 1 | B74: Monsieur | C74: MIHOUBI | D74: Ali | E74: 46 | G74: Oyonnax | H74: 46216 | I74: 46218 | J74: 46218 | K74: =J74+180 -> 46398 | Y74: P1438 | AN74: absent 28/07
A75: 1 | B75: Monsieur | C75: DA SILVA | D75: Francois | E75: 54 | G75: Oyonnax | H75: 46216 | I75: 46232 | J75: 46232 | K75: =J75+180 -> 46412 | O75: SANTE | P75: mobilité
A76: 1 | B76: Madame | C76: ZRIBI/OUESLATI | D76: Sihem | E76: 53 | G76: Oyonnax | H76: 46216 | I76: 46231 | J76: 46233 | K76: =J76+180 -> 46413 | O76: FLE | P76: MOBILITE
A77: 0 | B77: Monsieur | C77: KHAJOU | D77: Kamale | E77: 51 | G77: Oyonnax | H77: 46216 | I77: 46231 | AN77: absent 28/07
A78: 1 | B78: Monsieur | C78: MAGOURA | D78: Fouzi | E78: 62 | G78: Oyonnax | H78: 46216 | I78: 46231 | J78: 46231 | K78: =J78+180 -> 46411
A79: 0 | B79: Madame | C79: MESSAOUDI /ATTAR | D79: Fatima | E79: 52 | G79: Oyonnax | H79: 46218 | I79: 46231 | AN79: absente 30/07
A80: 1 | B80: Madame | C80: MEJBER / MAROINE | D80: Naima | E80: 31 | G80: Oyonnax | H80: 46218 | I80: 46231 | J80: 46233 | K80: =J80+180 -> 46413
A81: 1 | B81: Madame | C81: SOARES LIMA | D81: Emelly | E81: 26 | G81: Nantua | H81: 46219 | I81: 46231
A82: 1 | B82: Madame | C82: BOCKSTAL | D82: Sabine | E82: 50 | G82: Nantua | H82: 46219 | I82: 46231 | J82: 11/08//26 | AN82: absent 28/07
A83: 1 | B83: Madame | C83: ZITOUNI | D83: Ouarda | E83: 40 | G83: Oyonnax | H83: 46230 | I83: 46261 | AN83: absent 08/09
A84: 0 | B84: Monsieur | C84: MANDOKHAIL | D84: Faiz | E84: 28 | G84: Oyonnax | H84: 46230 | I84: 46261 | AN84: absent 27/08 et 08/09
A85: 1 | B85: Monsieur | C85: DJELLOUL | D85: Raouf | E85: 48 | G85: Oyonnax | H85: 46230 | I85: 46258
A86: 1 | B86: Monsieur | C86: MEHARI GEBREMESKEL | D86: Robel | E86: 30 | G86: Oyonnax | H86: 46258 | I86: 46279
A87: 1 | B87: Madame | C87: Zuno | D87: Nathalie | E87: 57 | G87: Nantua | H87: 46252 | I87: 46266 | AN87: ABSENT 01/09
A88: 1 | B88: Madame | C88: ZITOUNI | D88: Ouarda | E88: 40 | G88: Oyonnax | I88: 46273
A89: 1 | B89: Monsieur | C89: MAADINI | D89: Mounir | E89: 25 | G89: Oyonnax | H89: 46268 | I89: 46280
A90: 1 | B90: Monsieur | C90: BOUSHABA | D90: Riad | E90: 44 | G90: Nantua | H90: 46269 | I90: 46283

Sheet BRSA Sorties 
B2: Accompagnement des bénéficiaires du RSA - "CIP +" / 2025 | K2: Sortie + sous objectif (les noter en vert tant que vous les garder en suivi dans l'emploi)
B3: Territoire: CDS OYONNAX NANTUA - LOT 2/ CLPE ZONE 4 | K3: suspension remob
B4: Nom de l'OPERATEUR : ALFA3A | K4: Cli
A6: CIP : KIM OU
U7: SORTIES DU DISPOSITIF
C8: Sommes des sorties | D8: =SUM(A13:A602) -> 149 | U8: SORTIES sous objectif
J9: DATE | M9: DATE | O9: FREINS IDENTIFIES
B11: H/F | C11: NOM | D11: PRENOM | E11: âge | F11: Niveau scolaire | G11: CDS | H11: DATE ORIENTATION | I11: DATE 1ER RDV fixé | J11: CONTRAT ENGAGEMENT SIGNE | K11: FIN ACC | L11: BILAN PARCOURS (7eme mois) | M11: CE Signé | N11: Fin acc 12 mois | O11: 1 | P11: 2 | Q11: autre | R11: NOMBRE D OFFRES D EMPLOI PROPOSEES (OE/INFO COLL/jobdating..)(chiffres à cumuler / mois | S11: NBRE D ENTRETIENS DE RECRUTEMENT OBTENUS SUITE A VOS OFFRES D EMPLOI(chiffres à cumuler / mois | T11: PMSMP | U11: Motif de sortie | V11: MOTIF de la REO | W11: types | X11: DATE SORTIE | Y11: Saisie FSE | Z11: FLE (GoOn-Ifra-Ville Bourg-centre social..) | AA11: Declic Emploi HBA | AB11: MIFE 01 | AC11: AIDE FINANCIERE | AD11: Conseillers numériques | AE11: GO ON | AF11: MOBILITE | AG11: ARIANE | AH11: AGENT DE SANTE | AI11: ADAPT | AJ11: ORSAC | AK11: REPIT PARENTAL | AL11: Clauses sociales | AM11: Autres (preciser) | AN11: COMMENTAIRES /OBSERVATION | AO11: DDE DE CLI
A13: 1 | B13: Monsieur | C13: ABID | D13: Mimoun | E13: 62 | G13: Oyonnax | H13: 45835 | I13: 45867 | N13: =M13+180 -> 180 | U13: Réorientation | V13: Sociale retraite
A14: 1 | B14: Monsieur | C14: ALOUANE | D14: Cherif | E14: 42 | G14: Oyonnax | H14: 45812 | I14: 45875 | N14: =M14+180 -> 180 | U14: Réorientation | V14: FT acc pro | X14: 45875 | AN14: parcours accompagnement FT et suivi formation
A15: 1 | B15: Monsieur | C15: BAJRAMOV | D15: Sebastijan | E15: 48 | G15: Oyonnax | H15: 45846 | I15: 45854 | N15: =M15+180 -> 180 | U15: Réorientation | V15: Social freins+ | X15: 45952 | AN15: parti à l'etranger depuis ne s'est jamais inscrit à FT
A16: 1 | B16: Monsieur | C16: BEDOUI | D16: Abdeslam | E16: 74 | G16: Oyonnax | H16: 45846 | I16: 45855 | N16: =M16+180 -> 180 | U16: Réorientation | V16: Sociale retraite | X16: 45862
A17: 1 | B17: Monsieur | C17: BEN MABROUK | D17: Souliman | E17: 35 | G17: Oyonnax | H17: 45819 | I17: 45889 | N17: =M17+180 -> 180 | U17: Réorientation | V17: Arret mal longue durée | X17: 45988
A18: 1 | B18: Monsieur | C18: BEQIRI | D18: Bejta | E18: 76 | G18: Oyonnax | H18: 45846 | I18: 45889 | N18: =M18+180 -> 180 | U18: Réorientation | V18: Sociale retraite | X18: 45866
A19: 1 | B19: Madame | C19: BERTHET-BONDET | D19: Margot | E19: 41 | G19: Nantua | H19: 45804 | I19: 45902 | N19: =M19+180 -> 180 | U19: Réorientation | V19: Social freins+ | X19: 45938
A20: 1 | B20: Monsieur | C20: BORSLA | D20: Tewfik | E20: 63 | G20: Oyonnax | H20: 45831 | I20: 45867 | N20: =M20+180 -> 180 | U20: Réorientation | V20: Social freins+ | X20: 45910 | AN20: certificat medical
A21: 1 | B21: Monsieur | C21: CAVDAR | D21: Ibrahim | E21: 61 | G21: Oyonnax | H21: 45820 | I21: 45894 | J21: 45894 | K21: =J21+180 -> 46074 | N21: =M21+180 -> 180 | U21: Réorientation | V21: Sociale retraite | X21: 45939 | Y21: P771 | AH21: 1
A22: 1 | B22: Monsieur | C22: CEYZERIAT | D22: Samuel | E22: 46 | G22: Nantua | H22: 45770 | I22: 45895 | J22: 45895 | N22: =M22+180 -> 180 | U22: Réorientation | V22: Sociale AAH | X22: 45923 | Y22: P779
A23: 1 | B23: Madame | C23: CHIRON | D23: Aziza | E23: 61 | G23: Oyonnax | H23: 45812 | I23: 45873 | N23: =M23+180 -> 180 | U23: Réorientation | V23: FT acc pro | X23: 45944 | AN23: Absente le 4/8 car en emploi, prochain rdv le 14/10
A24: 1 | B24: Madame | C24: DJELLOUL | D24: Assia | E24: 49 | G24: Oyonnax | H24: 45805 | I24: 45903 | N24: =M24+180 -> 180 | U24: Réorientation | V24: FT acc pro | X24: 45944
A25: 1 | B25: Monsieur | C25: EL AAROUSSI | D25: Chahid | E25: 45 | G25: Oyonnax | H25: 45835 | I25: 45901 | N25: =M25+180 -> 180 | U25: Réorientation | V25: Social freins+ | X25: 45888
A26: 1 | B26: Monsieur | C26: EL KHYAF | D26: Anouar | E26: 39 | G26: Oyonnax | H26: 45835 | I26: 45880 | N26: =M26+180 -> 180 | U26: Réorientation | V26: FT acco glo | X26: 45880
A27: 1 | B27: Monsieur | C27: GUNDUZ | D27: Ibrahim | E27: 48 | G27: Nantua | H27: 45812 | I27: 45901 | N27: =M27+180 -> 180 | U27: Réorientation | V27: BGE | X27: 45897 | AN27: absent 31/07
A28: 1 | B28: Monsieur | C28: JOUINI | D28: Mustapha | E28: 63 | G28: Oyonnax | H28: 45820 | I28: 45901 | N28: =M28+180 -> 180 | U28: Réorientation | V28: Sociale retraite | X28: 45876
A29: 1 | B29: Monsieur | C29: KAMENICA | D29: Ragip | E29: 60 | G29: Oyonnax | H29: 45820 | I29: 45901 | N29: =M29+180 -> 180 | U29: Réorientation | V29: Sociale retraite | X29: 45868
A30: 1 | B30: Monsieur | C30: KANBOUI | D30: Mohammed | E30: 54 | G30: Oyonnax | H30: 45770 | I30: 45868 | N30: =M30+180 -> 180 | U30: Réorientation | V30: FT acco glo | X30: 45868
A31: 1 | B31: Madame | C31: KARAKOC | D31: Ummugulsum | E31: 45 | G31: Nantua | H31: 45770 | I31: 45901 | N31: =M31+180 -> 180 | U31: Renonciation RSA | X31: 45924 | AN31: Absent 01/09
A32: 1 | B32: Monsieur | C32: KHOMSI | D32: Ismaïl | E32: 28 | G32: Oyonnax | H32: 45770 | I32: 45889 | J32: 45919 | U32: Réorientation | V32: FT acc pro | X32: 46100 | AN32: travaille en suisse en interim - infirmier voir si tjrs DD
A33: 1 | B33: Monsieur | C33: MARECAUX | D33: Philippe | E33: 63 | G33: Oyonnax | H33: 45846 | I33: 45901 | U33: Réorientation | V33: Sociale retraite | X33: 45873
A34: 1 | B34: Monsieur | C34: MOUGEL | D34: Jérémy | E34: 30 | G34: Nantua | H34: 45862 | I34: 45901 | J34: 45910 | U34: Renonciation RSA | X34: 45926
A35: 1 | B35: Madame | C35: MURET | D35: Christelle | E35: 50 | G35: Oyonnax | H35: 45835 | I35: 45910 | U35: Réorientation | V35: Arret mal longue durée | X35: 45930
A36: 1 | B36: Monsieur | C36: NAELS | D36: Florian | E36: 36 | G36: Oyonnax | H36: 45821 | I36: 45901 | J36: 45881 | U36: Réorientation | V36: Social freins+ | X36: 46098 | Y36: P123
A37: 1 | B37: Madame | C37: NICOUD | D37: Laetitia | E37: 42 | G37: Oyonnax | H37: 45818 | I37: 45910 | J37: 45910 | U37: Réorientation | V37: Social freins+ | X37: 45944 | Y37: P43
A38: 1 | B38: Monsieur | C38: OZPINAR | D38: Ali | E38: 51 | G38: Oyonnax | H38: 45821 | I38: 45873 | U38: Réorientation | V38: FT acc pro | X38: 45919
A39: 1 | B39: Monsieur | C39: PISANI | D39: Sébastien | E39: 42 | G39: Oyonnax | H39: 45835 | I39: 45874 | U39: Réorientation | V39: Social freins+ | X39: 45902 | AN39: Beneficie de PCH
A40: 1 | B40: Madame | C40: PRAK | D40: Chantha | E40: 58 | G40: Oyonnax | H40: 45848 | I40: 45862 | U40: Réorientation | V40: FT acc pro | X40: 45891
A41: 1 | B41: Monsieur | C41: REGHIOUA | D41: Azzouz | E41: 65 | G41: Oyonnax | H41: 45820 | I41: 45866 | U41: Réorientation | V41: BGE | X41: 45868
A42: 1 | B42: Madame | C42: SYLLA | D42: Ardita | E42: 39 | G42: Oyonnax | H42: 45776 | I42: 38603 | U42: Réorientation | V42: FT acc pro | X42: 45947
A43: 1 | B43: Madame | C43: ERDOGAN /TEMEL | D43: Zeynep | E43: 45 | G43: Nantua | H43: 45831 | I43: 38604 | U43: Réorientation | V43: Sociale AAH | X43: 45952 | Y43: P488
A44: 1 | B44: Madame | C44: UGUZ | D44: Leyla | E44: 43 | G44: Nantua | H44: 45769 | I44: 45889 | U44: Réorientation | V44: FT acc pro | X44: 45889
A45: 1 | B45: Madame | C45: EL-RHAZZAL | D45: Rachida | E45: 64 | G45: Oyonnax | H45: 45805 | I45: 45903 | U45: Réorientation | V45: Sociale retraite
A46: 1 | B46: Monsieur | C46: YACOUBI | D46: Tarek | E46: 48 | G46: Oyonnax | H46: 45820 | I46: 45869 | U46: Réorientation | V46: Social freins+ | X46: 45869
A47: 1 | B47: Monsieur | C47: ZIHRI | D47: Rachid | E47: 51 | G47: Oyonnax | H47: 45770 | I47: 45908 | U47: Réorientation | V47: BGE | X47: 45868
A48: 1 | B48: Monsieur | C48: BUET | D48: Patrice | E48: 54 | G48: Nantua | H48: 45854 | I48: 25/09//2025 | U48: Réorientation | V48: FT acco glo | X48: 45925 | AN48: ACCO GLO depuis juin 2025
A49: 1 | B49: Madame | C49: SAULNIER | D49: Isabelle | I49: 45933 | U49: Réorientation | V49: Social freins+ | X49: 45937
A50: 1 | B50: Monsieur | C50: CHAMPEYMOND | D50: Pascal | E50: 60 | G50: Nantua | H50: 45777 | I50: 45894 | J50: 45873 | U50: Réorientation | V50: Social freins+ | X50: 45974 | Y50: P94
A51: 1 | B51: Madame | C51: SAIDIA | D51: Farida | E51: 63 | G51: Oyonnax | H51: 45820 | I51: 45888 | U51: Réorientation | V51: Sociale retraite
A52: 1 | B52: Monsieur | C52: MABROUK | D52: Wahid | E52: 50 | G52: Oyonnax | H52: 45906 | I52: 45908 | U52: Réorientation | V52: FT acc pro | X52: 45988 | AN52: PAS VU ENTREE FORMATION INSTALLATEUR THERMIQUE
A53: 1 | B53: Monsieur | C53: LOUIS | D53: Laura | E53: 37 | G53: Oyonnax | H53: 45820 | I53: 45881 | U53: Réorientation | V53: Sociale AAH | X53: 45901
A54: 1 | B54: Madame | C54: BEDIR | D54: Fadime | E54: 44 | G54: Oyonnax | H54: 45848 | I54: 45861 | J54: 45861 | K54: =J54+180 -> 46041 | O54: fle | P54: MOBILITE | T54: 1 | U54: Réorientation | V54: Social freins+ | X54: 45933 | Y54: P122 | AN54: suivi Mme poulliat AS
A55: 1 | B55: Madame | C55: FIORILE | D55: Yori-Kin | E55: 28 | G55: Nantua | H55: 45770 | I55: 45917 | J55: 45917 | K55: =J55+180 -> 46097 | U55: Réorientation | V55: FT acc pro | X55: 45996 | Y55: P73
A56: 1 | B56: Madame | C56: KEPENEK | D56: Nihal | E56: 45 | G56: Oyonnax | H56: 45764 | I56: 45889 | J56: 45896 | K56: =J56+180 -> 46076 | O56: fle | P56: MOBILITE | R56: 1 | S56: 1 | T56: 1 | U56: Réorientation | V56: Arret mal longue durée | X56: 46010 | Y56: P10
A57: 1 | B57: Monsieur | C57: DAWLATZI | D57: Naeem | E57: 28 | G57: oyonnax | H57: 45946 | I57: 45978 | J57: non | U57: Réorientation | V57: FT acc pro | W57: France Travail | X57: 46021 | AN57: Absent 17/10
A58: 1 | B58: Monsieur | C58: RHAZI | D58: Abdelhakim | E58: 53 | G58: Oyonnax | H58: 45846 | I58: 45854 | J58: 45854 | K58: =J58+180 -> 46034 | O58: MOBILITE | P58: sante | U58: Déménagement | X58: 45988 | Y58: P22 | AN58: a demenager sur bourg debut decembre
A59: 1 | B59: Monsieur | C59: DUPUPET | D59: Meydhie | E59: 37 | G59: Oyonnax | H59: 45835 | I59: 45881 | J59: 45897 | K59: =J59+180 -> 46077 | O59: SANTE | U59: Réorientation | V59: Social freins+ | X59: 45975 | Y59: P17 | AH59: 1
A60: 1 | B60: Monsieur | C60: MOHAMMADI | D60: NIAZ | E60: 35 | G60: Oyonnax | I60: 46001 | J60: non | U60: Réorientation | V60: FT acc pro | W60: France Travail | X60: 46028
A61: 1 | B61: Madame | C61: BELLOTTO | D61: Charlotte | E61: 30 | G61: Oyonnax | H61: 45769 | I61: 45910 | J61: 45910 | K61: =J61+180 -> 46090 | U61: Réorientation | V61: Sociale maternité | X61: 45996 | Y61: P47 | AN61: fin rsa + maternite
A62: 1 | B62: Madame | C62: YLMAZ | D62: GULBAHAR | E62: 51 | G62: Oyonnax | I62: 46006 | U62: Réorientation | V62: Social freins+ | X62: 46049 | AN62: Absent 15/12
A63: 1 | B63: Monsieur | C63: LEMAISTRE | D63: Giuseppe | E63: 27 | G63: Oyonnax | H63: 45842 | I63: 45861 | J63: 45861 | K63: =J63+180 -> 46041 | O63: mobilité | U63: Réorientation | V63: Social freins+ | X63: 46055 | Y63: P157 | AH63: 1 | AN63: absent 22/07 et ATC 26/08; retour CLI absent 1/12 ATC;8/12 ET 22/12 CM | AO63: 1
A64: 1 | B64: Monsieur | C64: MARGUIN | D64: Frederic | E64: 50 | G64: oyonnax | H64: 45946 | I64: 45978 | J64: 45994 | K64: =J64+180 -> 46174 | U64: Réorientation | V64: BGE | X64: 46058 | Y64: P235 | AN64: Absent 17/11 et 15/01
A65: 1 | B65: Madame | C65: BICER | D65: Elife | E65: 37 | G65: Oyonnax | H65: 45841 | I65: 45894 | J65: 46034 | K65: =J65+180 -> 46214 | U65: Réorientation | V65: Social freins+ | X65: 46048 | AN65: absent 18/07 et 30/07 | AO65: 1
A66: 1 | B66: Madame | C66: KESKIN //OZYUREK | D66: KUPRA | E66: 28 | G66: Oyonnax | H66: 46013 | I66: 46042 | O66: SANTE | U66: Réorientation | V66: Social freins+ | X66: 46048 | AN66: sclerose en plaque reo sociale attente CM
A67: 1 | B67: Madame | C67: TUZUN | D67: Selda | E67: 45 | G67: Oyonnax | H67: 45842 | I67: 45866 | J67: 45866 | K67: =J67+180 -> 46046 | O67: fle | U67: Renonciation RSA | X67: 46049 | Y67: P233 | AN67: aucune demarche - retour CLI decmbre, repris contact | AO67: 1
A68: 1 | B68: Monsieur | C68: OUAMALICH | D68: Youssef | E68: 48 | G68: Oyonnax | H68: 45889 | I68: 45917 | J68: 45917 | K68: =J68+180 -> 46097 | U68: Radié( e ) suite CLI | X68: 46037 | Y68: P140 | AO68: 1
A69: 1 | B69: Monsieur | C69: VELAZQUEZ MAYA | D69: Jose | E69: 48 | G69: Nantua | H69: 45838 | I69: 45867 | J69: 45894 | K69: =J69+180 -> 46074 | O69: mobilité | U69: Déménagement | X69: 46052 | Y69: P74 | AN69: absent 17/09 et 6/01 SUSPENSION REMOBILISATION contrôle administratif demenagment CHALON | AO69: 1
A70: 1 | B70: Madame | C70: GUNGOR | D70: Ciydem | E70: 54 | G70: Oyonnax | H70: 45841 | I70: 45856 | J70: 45856 | K70: =J70+180 -> 46036 | O70: fle | P70: sante | U70: Réorientation | V70: Social freins+ | X70: 46057 | Y70: P762 | AN70: absent 18/08 et 25/08 - CM | AO70: 1
A71: 1 | B71: Monsieur | C71: AMAMOU | D71: Driss | E71: 58 | G71: Oyonnax | H71: 45835 | I71: 45883 | J71: 45894 | K71: =J71+180 -> 46074 | O71: SANTE | P71: MOBILITE | R71: 0 | T71: 0 | U71: Réorientation | V71: Arret mal longue durée | X71: 46058 | Y71: P225 | AH71: 1 | AN71: inemployable, parcours santé, examens medicaux | AO71: 1
A72: 1 | B72: Monsieur | C72: STEMER | D72: Pascal | E72: 52 | G72: Oyonnax | H72: 45812 | I72: 45874 | J72: 45874 | K72: =J72+180 -> 46054 | U72: Réorientation | V72: Social freins+ | X72: 46038 | AH72: 1 | AN72: Absent ATC du 26/08/25 et rdv ind 8/09/25 ENVOI DDE REO SOCIALE ATTENTE | AO72: 1
A73: 1 | B73: Madame | C73: OZDEMIR | D73: Sengül | E73: 43 | G73: Oyonnax | H73: 45831 | I73: 45901 | J73: 45923 | K73: =J73+180 -> 46103 | O73: SANTE | T73: 1 | U73: Réorientation | V73: Social freins+ | X73: 46059 | Y73: P95 | AN73: CM demandé
A74: 1 | B74: Monsieur | C74: AYNE | D74: Levent | E74: 42 | G74: Oyonnax | H74: 45835 | I74: 45875 | J74: 45889 | K74: =J74+180 -> 46069 | O74: mobilé | T74: 1 | U74: Réorientation | V74: FT acc pro | X74: 46225 | Y74: P25 | AN74: presription agent de santé / et le voir ensemble pour siae
A75: 1 | B75: Monsieur | C75: IKEN | D75: Abdellah | E75: 49 | G75: Oyonnax | H75: 45835 | I75: 45901 | J75: 45947 | K75: =J75+180 -> 46127 | U75: Renonciation RSA | X75: 46066 | Y75: P161 | AN75: absent 4/08 et 21/08 - contact repris - ok ce / 2h par semaine : travailler caissier | AO75: 1
A76: 1 | B76: Monsieur | C76: ESTEVEZ | D76: YANN | E76: 34 | G76: Oyonnax | I76: 45985 | J76: 45985 | K76: =J76+180 -> 46165 | O76: mobilite | U76: Renonciation RSA | X76: 46060 | Y76: P513 | AN76: petits contrats interim
A77: 1 | B77: Monsieur | C77: POURCHOUX | D77: GUILLAUME | E77: 48 | G77: Oyonnax | H77: 45839 | I77: 46001 | U77: Radié( e ) suite CLI | AN77: Absent 10/12 et 12/01 - SUSPENSION REMOB non soumis droits et devoirs depuis octobre 2025 | AO77: 1
A78: 1 | B78: Monsieur | C78: YILDIRIM | D78: Ozcan | E78: 35 | G78: Oyonnax | H78: 45835 | I78: 45881 | J78: 45881 | K78: =J78+180 -> 46061 | U78: Réorientation | V78: Social freins+ | X78: 46078 | AN78: reo sociale suite arret du 16/01 au 22/03
A79: 1 | B79: Madame | C79: PILAS | D79: SILVIE | E79: 60 | G79: Nantua | H79: 45839 | I79: 45994 | J79: 45994 | K79: =J79+180 -> 46174 | U79: Réorientation | V79: FT acc pro | W79: FT SIAE | X79: 46078
A80: 1 | B80: Monsieur | C80: BICER | D80: AZIZ | E80: 40 | G80: Oyonnax | H80: 46027 | I80: 46048 | J80: 46066 | K80: =J110+180 -> 46221 | O80: sante | P80: garde enfants | U80: Réorientation | V80: Social freins+ | X80: 46079 | AN80: Absent 26/01/26
A81: 1 | B81: Monsieur | C81: BENER | D81: Yakup | E81: 49 | G81: Oyonnax | H81: 45764 | I81: 45862 | J81: 45882 | K81: =J81+180 -> 46062 | U81: Réorientation | V81: FT acc pro | W81: France Travail | X81: 46071 | Y81: P226 | AN81: arret maladie de 3 mois - retour en decembre : voir pmsmp auto ecole
A82: 1 | B82: Monsieur | C82: NEUVILLE | D82: ALLAN | E82: 35 | G82: Nantua | H82: 45839 | I82: 45994 | U82: Fin DD | X82: 46092 | AN82: Absent 3/12 et 29/12 SUSPENSION REMOBILILSATION | AO82: 1
A83: 1 | B83: Monsieur | C83: EZZARHOUNI | D83: Nesrdine | E83: 43 | G83: Oyonnax | H83: 45820 | I83: 45874 | J83: 45874 | K83: =J83+180 -> 46054 | U83: Positive | V83: FT acc pro | W83: CDI >ou= 24h | X83: 46098 | Y83: P92 | AN83: contrat de travail cdi 30h
A84: 1 | B84: Monsieur | C84: CHHUN | D84: Sophanna | E84: 38 | G84: Oyonnax | H84: 45820 | I84: 45894 | J84: 45880 | K84: =J84+180 -> 46060 | O84: SANTE | T84: 1 | U84: Réorientation | V84: Social freins+ | X84: 46094 | Y84: P21
A85: 1 | B85: Madame | C85: YILDIRIM | D85: AMINA | E85: 44 | G85: Oyonnax | H85: 46042 | I85: 46050 | J85: 46384 | K85: =J85+180 -> 46564 | O85: sante | U85: Réorientation | V85: Social freins+ | X85: 46057
A86: 1 | B86: Monsieur | C86: TORRES | D86: Vicente | E86: 55 | G86: Oyonnax | H86: 45832 | I86: 38603 | J86: 45868 | K86: =J86+180 -> 46048 | L86: BGE | O86: mobilite | U86: Positive | V86: BGE | W86: Créa | X86: 46098 | Y86: P514 | AN86: Absent ATC 09/09/25 - creation le 15/02/26 | AO86: 1
A87: 1 | B87: Madame | C87: POPRAWA | D87: Renata | E87: 40 | G87: Oyonnax | H87: 45842 | I87: 45866 | J87: 46042 | K87: =J87+180 -> 46222 | U87: Radié( e ) suite CLI | X87: 46091 | Y87: P820 | AN87: retour CLI - absent 23/12 , atc 3/03 et absent 11/03 FIN DROIT RADIE AU 10/03 poprawarenata78@gmail.com | AO87: 1
A88: 1 | B88: Madame | C88: ERGOC /ERDOGAN | D88: MEYREM | G88: Nantua | H88: 46062 | I88: 46080 | U88: Renonciation RSA | X88: 46099 | AN88: reçu le 27/02 mais pas inscrite, rendez redonné
A89: 1 | B89: Monsieur | C89: TOURNERY | D89: PIERRE-LOU | E89: 27 | G89: Nantua | H89: 46036 | I89: 46050 | U89: Fin DD | X89: 46091 | AN89: Absent 28/01 et 20/02 sorti rsa 10/03/26 reo sosial 12/03/26
A90: 1 | B90: Monsieur | C90: OZCAN | D90: Okan | E90: 31 | G90: Oyonnax | H90: 45812 | I90: 45882 | J90: 45882 | K90: =J90+180 -> 46062 | O90: SANTE | U90: Réorientation | V90: Social freins+ | X90: 46093 | Y90: P53 | AN90: Absent atc 25/09 SUSPENSION REMOB | AO90: 1
A91: 1 | B91: Monsieur | C91: TRAORE | D91: ISSA | E91: 31 | G91: Nantua | H91: 46062 | I91: 46080 | U91: Réorientation | V91: FT acc pro | W91: France Travail | X91: 46106 | AN91: ABSENT 27/02
A92: 1 | B92: Monsieur | C92: VACCA | D92: NICOLAS | G92: Oyonnax | I92: 46112 | U92: Réorientation | V92: FT acc pro | W92: France Travail | X92: 46112
A93: 1 | B93: Monsieur | C93: SADA | D93: THIERRY | E93: 53 | G93: Oyonnax | H93: 46057 | I93: 46077 | J93: 46077 | K93: =J93+180 -> 46257 | O93: SANTE | P93: MOBILITE | U93: Réorientation | V93: Social freins+ | X93: 46112 | Y93: P1015
A94: 1 | B94: Monsieur | C94: BALLEIN | D94: JEROME | E94: 46 | G94: Nantua | H94: 46062 | I94: 46077 | U94: Réorientation | V94: FT acco glo | W94: FT SIAE | X94: 46113 | AN94: PARCOUR PRO FT + CDD AIRE 02/03/26 attente de retour insertion
A95: 1 | B95: Madame | C95: YENI /OCAL | D95: Serife | E95: 40 | G95: Oyonnax | H95: 46044 | I95: 46064 | J95: 46064 | K95: =J95+180 -> 46244 | O95: langue | R95: 1 | S95: 1 | U95: Positive | V95: FT acc pro | W95: Stagiaire en formation | X95: 46113
A96: 1 | B96: Monsieur | C96: ERSOY | D96: Salih | E96: 46 | G96: Oyonnax | H96: 45805 | I96: 45901 | J96: 45896 | K96: =J96+180 -> 46076 | O96: SANTE | P96: MOBILITE | U96: Fin DD | X96: 45962 | Y96: P9 | AN96: absent 31/07 - ABS JOBDATING + rdv du 20/10 - CLI | AO96: 1
A97: 1 | B97: Monsieur | C97: BOSCHMANS | D97: Franck | E97: 57 | G97: Oyonnax | H97: 45835 | I97: 45868 | J97: 45887 | K97: =J97+180 -> 46067 | U97: Fin DD | X97: 46064 | AN97: absent 30/07 et 09/09 - CLI en decembre 2025 / pas repris contact | AO97: 1
A98: 1 | B98: Madame | C98: BASSI | D98: Stephanie | E98: 47 | G98: Nantua | H98: 45789 | I98: 45869 | J98: 45869 | K98: =J98+180 -> 46049 | U98: Radié( e ) suite CLI | X98: 46111 | AN98: absente au 2e rdv et à l'atelier co / Passage en CLI le ne s'est jamais représentée | AO98: 1
A99: 1 | B99: Monsieur | C99: AMMAR | D99: Adam | E99: 34 | G99: Oyonnax | H99: 46114 | I99: 46133 | U99: Réorientation | V99: Sociale AAH | X99: 46115
A100: 1 | B100: Monsieur | C100: TEKELI | D100: Atilyahan | E100: 44 | G100: oyonnax | H100: 45951 | I100: 45980 | U100: Réorientation | V100: BGE | X100: 46120 | AN100: Absent 19/11 et 16/12 passéen CLI en dcembre pas repris contact | AO100: 1
A101: 1 | B101: Monsieur | C101: CLERMONT | D101: CHRISTIAN | E101: 54 | G101: Nantua | H101: 45999 | I101: 46020 | U101: Radié( e ) suite CLI | X101: 46119 | AN101: Absent 29/12 et 20/01 SUSPENSION REMOB absent 31/03/26 retour suspension
A102: 1 | B102: Monsieur | C102: GELAJ | D102: Bekim | E102: 34 | G102: oyonnax | H102: 45951 | I102: 45980 | J102: 46008 | K102: =J102+180 -> 46188 | O102: fle | U102: Radié( e ) suite CLI | X102: 46119 | Y102: P764 | AN102: Absent 19/11 et 14/01 SUSPENSION REMOB | AO102: 1
A103: 1 | B103: Monsieur | C103: ONCU | D103: ONDER | E103: 38 | G103: Nantua | H103: 45839 | I103: 45994 | U103: Radié( e ) suite CLI | X103: 46119 | AN103: Absent 3/12 et 29/12 - SUSPENSION REMOB absent 19/03 | AO103: 1
A104: 1 | B104: Monsieur | C104: SULTANKHEL | D104: SAMIULLAH | G104: Oyonnax | H104: 45863 | I104: 46006 | U104: Radié( e ) suite CLI | X104: 46119 | AN104: Absent 15/12 et 14/01 SUSPENSION REMOB | AO104: 1
...

Sheet Sanctions + Absences
C1: Absence avant signature CE | E1: Absences 2026 cumulées par mois (rdv-atelier-forum-jobdating..) Après signature CE | Q1: Niveau 1 : AVERTISSEMENT AVANT SUSPENSION | W1: Niveau 2 : suspension remobilisation | Z1: Etape 3 : Etape pluridisciplinaire CLI | AA1: 2 eme manquement (process direct etape 3)
A2: Nom | B2: Prénom | C2: 1ER RDV | D2: 2EME | E2: 1er mois | F2: 2e mois | G2: 3e mois | H2: 4e mois | I2: 5e mois | J2: 6e mois | K2: 7e mois | L2: 8e mois | M2: 9e mois | N2: 10e mois | O2: 11e mois | P2: 12e mois | Q2: Dde etude de situation. | R2: date de la demande | S2: Date courrier CDS (voir extraction transmise) | T2: Délai 15 jours pour contact | U2: Contact BRSA - 15 jours | V2: Mail INFO CDS | W2: Délai de 35 jours pour reprendre contact | X2: le BRSA s'est manifesté ? | Y2: Mail d'info au CDS manifestation ou non dans les 35 jours | Z2: Date CLI si le BRSA ne s'est pas manifesté au bout des 35 jours | AA2: date demande étude de situation (Mail CDS) | AB2: DATE courrier CDS | AC2: 35j pour reprendre contact date butoire | AD2: DATE CLI
A3: ='BRSA Sorties '!C154 -> AKHMAL | B3: ='BRSA Sorties '!D154 -> Najat | O3: 1 | T3: =S3+15 -> 15 | W3: =T3+35 -> 50 | AC3: =AB3+35 -> 35
A4: ='OYONNAX NANTUA'!C13 -> AL-RIHEMAWEE | B4: ='OYONNAX NANTUA'!D13 -> Qays | C4: 1 | J4: 1 | L4: 1 | Q4: 1 | R4: 46132 | T4: =S4+15 -> 15 | U4: 1 | V4: 1 | W4: =S4+50 -> 50 | X4: 1 | AC4: =AB4+35 -> 35
A5: ='OYONNAX NANTUA'!C14 -> ARBINOT | B5: ='OYONNAX NANTUA'!D14 -> Alexandre | T5: =S5+15 -> 15 | W5: =S5+50 -> 50 | AC5: =AB5+35 -> 35
A6: ='BRSA Sorties '!C98 -> BASSI | B6: ='BRSA Sorties '!D98 -> Stephanie | D6: 1 | T6: =S6+15 -> 15 | W6: =S6+50 -> 50 | AC6: =AB6+35 -> 35
A7: ='BRSA Sorties '!C132 -> BAYIRTEPE | B7: ='BRSA Sorties '!D132 -> Gulsah | C7: 1 | D7: 1 | T7: =S7+15 -> 15 | W7: =S7+50 -> 50 | AC7: =AB7+35 -> 35
A8: ='BRSA Sorties '!C121 -> BERTHET-BONDET | B8: ='BRSA Sorties '!D121 -> Franck | C8: 1 | D8: 1 | T8: =S8+15 -> 15 | W8: =S8+50 -> 50 | AC8: =AB8+35 -> 35
A9: ='BRSA Sorties '!C97 -> BOSCHMANS | B9: ='BRSA Sorties '!D97 -> Franck | C9: 1 | D9: 1 | T9: =S9+15 -> 15 | W9: =S9+50 -> 50 | AC9: =AB9+35 -> 35
A10: ='BRSA Sorties '!C153 -> BRAHIMI | B10: ='BRSA Sorties '!D153 -> Farida | C10: 1 | F10: 1 | H10: 1 | L10: 1 | Q10: 1 | R10: 46136 | S10: 46141 | T10: =S10+15 -> 46156 | U10: 1 | V10: 1 | W10: =S10+50 -> 46191 | X10: 1 | AC10: =AB10+35 -> 35
A11: ='BRSA Sorties '!C123 -> BRASSART | B11: ='BRSA Sorties '!D123 -> Cindy | C11: 1 | D11: 1 | Q11: 1 | R11: 46066 | S11: 46090 | T11: =S11+15 -> 46105 | W11: =S11+50 -> 46140 | X11: 0 | Z11: 46154 | AC11: =AB11+35 -> 35
A12: ='OYONNAX NANTUA'!C15 -> CAVDAR | B12: ='OYONNAX NANTUA'!D15 -> Tugay | C12: 1 | F12: 1 | L12: 1 | T12: =S12+15 -> 15 | W12: =S12+50 -> 50 | AC12: =AB12+35 -> 35
A13: ='BRSA Sorties '!C84 -> CHHUN | B13: ='BRSA Sorties '!D84 -> Sophanna | T13: =S13+15 -> 15 | W13: =S13+50 -> 50 | AC13: =AB13+35 -> 35
A14: ='OYONNAX NANTUA'!C16 -> CIMEN | B14: ='OYONNAX NANTUA'!D16 -> Mehmet | C14: 1 | E14: 1 | N14: 1 | R14: 46199 | S14: 46211 | T14: =S14+15 -> 46226 | W14: =S14+50 -> 46261 | X14: 1 | Z14: 46273 | AC14: =AB14+35 -> 35
A15: ='BRSA Sorties '!C127 -> COLOMBEL | B15: ='BRSA Sorties '!D127 -> Mickael | C15: 1 | D15: 1 | Q15: 1 | R15: 46059 | S15: 46062 | T15: =S15+15 -> 46077 | W15: =S15+50 -> 46112 | X15: 0 | Z15: 46105 | AC15: =AB15+35 -> 35
A16: ='OYONNAX NANTUA'!C17 -> DESSAINTJEAN | B16: ='OYONNAX NANTUA'!D17 -> Amandine | C16: 1 | T16: =S16+15 -> 15 | W16: =S16+50 -> 50 | AC16: =AB16+35 -> 35
A17: ='BRSA Sorties '!C124 -> DUBOT | B17: ='BRSA Sorties '!D124 -> Sébastien | C17: 1 | D17: 1 | Q17: 1 | R17: 46078 | S17: 46083 | T17: =S17+15 -> 46098 | W17: =S17+50 -> 46133 | X17: 0 | Y17: 1 | Z17: 46154 | AC17: =AB17+35 -> 35
A18: ='BRSA Sorties '!C125 -> EL JABBAR | B18: ='BRSA Sorties '!D125 -> Anass | C18: 1 | D18: 1 | T18: =S18+15 -> 15 | W18: =S18+50 -> 50 | AC18: =AB18+35 -> 35
A19: ='BRSA Sorties '!C113 -> EL-HAMDI | B19: ='BRSA Sorties '!D113 -> Mourad | C19: 1 | D19: 1 | Q19: 1 | R19: 46077 | T19: =S19+15 -> 15 | U19: 0 | W19: =S19+50 -> 50 | Z19: 46133 | AC19: =AB19+35 -> 35
A20: ='OYONNAX NANTUA'!C18 -> ERAMIL | B20: ='OYONNAX NANTUA'!D18 -> Erhan | C20: 1 | D20: 1 | F20: 1 | J20: 2 | M20: 1 | Q20: 1 | R20: 46136 | S20: 46161 | T20: =S20+15 -> 46176 | U20: 1 | V20: 1 | W20: =S20+50 -> 46211 | AA20: 46216 | AC20: =AB20+35 -> 35
A21: ='BRSA Sorties '!C96 -> ERSOY | B21: ='BRSA Sorties '!D96 -> Salih | C21: 1 | T21: =S21+15 -> 15 | W21: =S21+50 -> 50 | AC21: =AB21+35 -> 35
A22: ='BRSA Sorties '!C83 -> EZZARHOUNI | B22: ='BRSA Sorties '!D83 -> Nesrdine | T22: =S22+15 -> 15 | W22: =S22+50 -> 50 | AC22: =AB22+35 -> 35
A23: ='BRSA Sorties '!C155 -> GAYNUTDINOV | B23: ='BRSA Sorties '!D155 -> Rafael | T23: =S23+15 -> 15 | W23: =S23+50 -> 50 | AC23: =AB23+35 -> 35
A24: ='OYONNAX NANTUA'!C19 -> JUILLARD | B24: ='OYONNAX NANTUA'!D19 -> Frédéric | C24: 1 | T24: =S24+15 -> 15 | W24: =S24+50 -> 50 | AC24: =AB24+35 -> 35
A25: ='BRSA Sorties '!C151 -> KAMENICA | B25: ='BRSA Sorties '!D151 -> Ardit | Q25: 1 | R25: 46059 | S25: 46091 | T25: =S25+15 -> 46106 | U25: 1 | W25: =S25+50 -> 46141 | AC25: =AB25+35 -> 35
A26: ='OYONNAX NANTUA'!C20 -> KANBOUI | B26: ='OYONNAX NANTUA'!D20 -> Zineb | T26: =S26+15 -> 15 | W26: =S26+50 -> 50 | AC26: =AB26+35 -> 35
A27: ='BRSA Sorties '!C128 -> KARIAM | B27: ='BRSA Sorties '!D128 -> Omar | C27: 1 | D27: 1 | T27: =S27+15 -> 15 | W27: =S27+50 -> 50 | AC27: =AB27+35 -> 35
A28: ='OYONNAX NANTUA'!C21 -> KONMAZ | B28: ='OYONNAX NANTUA'!D21 -> Ayse | C28: 1 | Q28: 1 | T28: =S28+15 -> 15 | W28: =S28+50 -> 50 | AC28: =AB28+35 -> 35
A29: ='OYONNAX NANTUA'!C22 -> LAOUFI | B29: ='OYONNAX NANTUA'!D22 -> Hamza | T29: =S29+15 -> 15 | W29: =S29+50 -> 50 | AC29: =AB29+35 -> 35
A30: ='BRSA Sorties '!C134 -> LEANG DATH | B30: ='BRSA Sorties '!D134 -> Benoît | T30: =S30+15 -> 15 | W30: =S30+50 -> 50 | AC30: =AB30+35 -> 35
A31: ='BRSA Sorties '!C112 -> LIEU | B31: ='BRSA Sorties '!D112 -> Ophelie-kim | C31: 1 | D31: 1 | Q31: 1 | R31: 46120 | S31: 46122 | T31: =S31+15 -> 46137 | U31: 1 | V31: 1 | W31: =S31+50 -> 46172 | AC31: =AB31+35 -> 35
A32: ='BRSA Sorties '!C131 -> MAADOUR | B32: ='BRSA Sorties '!D131 -> Anas | C32: 1 | D32: 1 | T32: =S32+15 -> 15 | W32: =S32+50 -> 50 | AC32: =AB32+35 -> 35
A33: ='BRSA Sorties '!C107 -> MEHALLEL | B33: ='BRSA Sorties '!D107 -> Salim | T33: =S33+15 -> 15 | W33: =S33+50 -> 50 | AC33: =AB33+35 -> 35
A34: ='OYONNAX NANTUA'!C24 -> MOHAMMAD | B34: ='OYONNAX NANTUA'!D24 -> Sania | C34: 1 | K34: 1 | T34: =S34+15 -> 15 | W34: =S34+50 -> 50 | AC34: =AB34+35 -> 35
A35: ='BRSA Sorties '!C140 -> MUTLU | B35: ='BRSA Sorties '!D140 -> Mualla | K35: 1 | T35: =S35+15 -> 15 | W35: =S35+50 -> 50 | AC35: =AB35+35 -> 35
A36: ='OYONNAX NANTUA'!C25 -> NACIRY | B36: ='OYONNAX NANTUA'!D25 -> Moussa | J36: 2 | L36: 1 | T36: =S36+15 -> 15 | W36: =S36+50 -> 50 | AC36: =AB36+35 -> 35
A37: ='BRSA Sorties '!C136 -> OULAKBIR | B37: ='BRSA Sorties '!D136 -> Touria | F37: 1 | T37: =S37+15 -> 15 | W37: =S37+50 -> 50 | AC37: =AB37+35 -> 35
A38: ='BRSA Sorties '!C90 -> OZCAN | B38: ='BRSA Sorties '!D90 -> Okan | C38: 1 | T38: =S38+15 -> 15 | W38: =S38+50 -> 50 | AC38: =AB38+35 -> 35
A39: ='BRSA Sorties '!C119 -> OZCAN | B39: ='BRSA Sorties '!D119 -> Kamile | T39: =S39+15 -> 15 | W39: =S39+50 -> 50 | AC39: =AB39+35 -> 35
A40: ='OYONNAX NANTUA'!C26 -> OZDEMIR | B40: ='OYONNAX NANTUA'!D26 -> Songul | T40: =S40+15 -> 15 | W40: =S40+50 -> 50 | AC40: =AB40+35 -> 35
A41: ='BRSA Sorties '!C108 -> OZDEMIR | B41: ='BRSA Sorties '!D108 -> Emine | C41: 1 | Q41: 1 | R41: 46059 | S41: 46062 | T41: =S41+15 -> 46077 | U41: 0 | W41: =S41+50 -> 46112 | Z41: 46119 | AC41: =AB41+35 -> 35
A42: ='BRSA Sorties '!C130 -> OZER | B42: ='BRSA Sorties '!D130 -> Ismaïl | C42: 1 | D42: 1 | T42: =S42+15 -> 15 | W42: =S42+50 -> 50 | AC42: =AB42+35 -> 35
A43: ='OYONNAX NANTUA'!C27 -> OZKAN | B43: ='OYONNAX NANTUA'!D27 -> Nezahat | C43: 1 | T43: =S43+15 -> 15 | W43: =S43+50 -> 50 | AC43: =AB43+35 -> 35
A44: ='OYONNAX NANTUA'!C28 -> OZTURK | B44: ='OYONNAX NANTUA'!D28 -> Fatma | T44: =S44+15 -> 15 | W44: =S44+50 -> 50 | AC44: =AB44+35 -> 35
A45: ='BRSA Sorties '!C87 -> POPRAWA | B45: ='BRSA Sorties '!D87 -> Renata | C45: 1 | D45: 1 | G45: 2 | T45: =S45+15 -> 15 | W45: =S45+50 -> 50 | AC45: =AB45+35 -> 35
A46: ='BRSA Sorties '!C105 -> ROSELL | B46: ='BRSA Sorties '!D105 -> Thibault | C46: 1 | Q46: 1 | R46: 46059 | S46: 46062 | T46: =S46+15 -> 46077 | U46: 0 | W46: =S46+50 -> 46112 | Z46: 46119 | AC46: =AB46+35 -> 35
A47: ='OYONNAX NANTUA'!C29 -> SAFI | B47: ='OYONNAX NANTUA'!D29 -> Abdul | T47: =S47+15 -> 15 | W47: =S47+50 -> 50 | AC47: =AB47+35 -> 35
A48: ='OYONNAX NANTUA'!C30 -> SARROUKH | B48: ='OYONNAX NANTUA'!D30 -> Mohcine | H48: 1 | T48: =S48+15 -> 15 | W48: =S48+50 -> 50 | AC48: =AB48+35 -> 35
A49: ='BRSA Sorties '!C133 -> SMAAL | B49: ='BRSA Sorties '!D133 -> Samir | C49: 1 | T49: =S49+15 -> 15 | W49: =S49+50 -> 50 | AC49: =AB49+35 -> 35
A50: ='OYONNAX NANTUA'!C31 -> TARDY | B50: ='OYONNAX NANTUA'!D31 -> Anaïs | C50: 1 | N50: 2 | R50: 46199 | S50: 46205 | T50: =S50+15 -> 46220 | U50: 0 | W50: =S50+50 -> 46255 | AC50: =AB50+35 -> 35
A51: ='BRSA Sorties '!C159 -> TECHER | B51: ='BRSA Sorties '!D159 -> Anaelle | I51: 1 | J51: 1 | M51: 1 | R51: 46168 | S51: 46183 | T51: =S51+15 -> 46198 | W51: =S51+50 -> 46233 | Z51: 46245 | AC51: =AB51+35 -> 35
A52: ='BRSA Sorties '!C86 -> TORRES | B52: ='BRSA Sorties '!D86 -> Vicente | C52: 1 | D52: 1 | T52: =S52+15 -> 15 | W52: =S52+50 -> 50 | AC52: =AB52+35 -> 35
A53: ='BRSA Sorties '!C129 -> BEN EMBARECK | B53: ='BRSA Sorties '!D129 -> Wassila | C53: 1 | T53: =S53+15 -> 15 | W53: =S53+50 -> 50 | AC53: =AB53+35 -> 35
A54: ='OYONNAX NANTUA'!C32 -> URCEL | B54: ='OYONNAX NANTUA'!D32 -> Steve | J54: 2 | R54: 46181 | S54: 46192 | T54: =S54+15 -> 46207 | U54: 0 | W54: =S54+50 -> 46242 | AC54: =AB54+35 -> 35
A55: ='BRSA Sorties '!C116 -> VENOT | B55: ='BRSA Sorties '!D116 -> Emilie | C55: 1 | L55: 1 | Q55: 1 | R55: 46121 | S55: 46125 | T55: =S55+15 -> 46140 | U55: 1 | W55: =S55+50 -> 46175 | AC55: =AB55+35 -> 35
A56: ='OYONNAX NANTUA'!C23 -> LAMBREZ | B56: ='OYONNAX NANTUA'!D23 -> Angélique | T56: =S56+15 -> 15 | W56: =S56+50 -> 50 | AC56: =AB56+35 -> 35
A57: ='BRSA Sorties '!C138 -> HASANI | B57: ='BRSA Sorties '!D138 -> Gazmend | C57: 1 | T57: =S57+15 -> 15 | W57: =S57+50 -> 50 | AC57: =AB57+35 -> 35
A58: ='BRSA Sorties '!C109 -> ONCUL | B58: ='BRSA Sorties '!D109 -> Samet | C58: 1 | D58: 1 | Q58: 1 | R58: 46070 | T58: =S58+15 -> 15 | U58: 0 | W58: =S58+50 -> 50 | Z58: 46133 | AC58: =AB58+35 -> 35
A59: ='OYONNAX NANTUA'!C33 -> AKAKHIL | B59: ='OYONNAX NANTUA'!D33 -> Mohammed | C59: 1 | Q59: 1 | R59: 46059 | T59: =S59+15 -> 15 | W59: =S59+50 -> 50 | AC59: =AB59+35 -> 35
A60: ='BRSA Sorties '!C118 -> KHAROUNI | B60: ='BRSA Sorties '!D118 -> Kaïna | T60: =S60+15 -> 15 | W60: =S60+50 -> 50 | AC60: =AB60+35 -> 35
A61: ='OYONNAX NANTUA'!C34 -> GUERIAUD | B61: ='OYONNAX NANTUA'!D34 -> Sabrina | E61: 1 | G61: 1 | R61: 46174 | S61: 46192 | T61: =S61+15 -> 46207 | W61: =S61+50 -> 46242 | X61: 0 | Z61: 46245 | AC61: =AB61+35 -> 35
A62: ='OYONNAX NANTUA'!C35 -> BELHASSAN | B62: ='OYONNAX NANTUA'!D35 -> Ilham | C62: 1 | T62: =S62+15 -> 15 | W62: =S62+50 -> 50 | AC62: =AB62+35 -> 35
A63: ='BRSA Sorties '!C100 -> TEKELI | B63: ='BRSA Sorties '!D100 -> Atilyahan | C63: 1 | D63: 1 | Q63: 1 | R63: 46059 | T63: =S63+15 -> 15 | U63: 0 | W63: =S63+50 -> 50 | Z63: 46119 | AC63: =AB63+35 -> 35
A64: ='BRSA Sorties '!C102 -> GELAJ | B64: ='BRSA Sorties '!D102 -> Bekim | C64: 1 | Q64: 1 | R64: 46073 | T64: =S64+15 -> 15 | U64: 0 | W64: =S64+50 -> 50 | Z64: 46119 | AC64: =AB64+35 -> 35
A65: ='BRSA Sorties '!C117 -> RIVIERE | B65: ='BRSA Sorties '!D117 -> Cindy | C65: 1 | T65: =S65+15 -> 15 | W65: =S65+50 -> 50 | AC65: =AB65+35 -> 35
A66: ='BRSA Sorties '!C82 -> NEUVILLE | B66: ='BRSA Sorties '!D82 -> ALLAN | C66: 1 | D66: 1 | Q66: 1 | R66: 46059 | T66: =S66+15 -> 15 | U66: 0 | W66: =S66+50 -> 50 | AC66: =AB66+35 -> 35
A67: ='BRSA Sorties '!C145 -> KAPTAN | B67: ='BRSA Sorties '!D145 -> Ridvan | D67: 1 | Q67: 1 | R67: 46128 | S67: 46143 | T67: =S67+15 -> 46158 | U67: 0 | W67: =S67+50 -> 46193 | Z67: 46196 | AC67: =AB67+35 -> 35
A68: ='BRSA Sorties '!C103 -> ONCU | B68: ='BRSA Sorties '!D103 -> ONDER | C68: 2 | D68: 1 | Q68: 1 | R68: 46070 | T68: =S68+15 -> 15 | U68: 0 | W68: =S68+50 -> 50 | Z68: 46119 | AC68: =AB68+35 -> 35
A69: ='BRSA Sorties '!C104 -> SULTANKHEL | B69: ='BRSA Sorties '!D104 -> SAMIULLAH | C69: 1 | D69: 1 | Q69: 1 | R69: 46059 | S69: 46062 | T69: =S69+15 -> 46077 | U69: 0 | W69: =S69+50 -> 46112 | Z69: 46119 | AC69: =AB69+35 -> 35
A70: ='BRSA Sorties '!C120 -> ROCHELLE | B70: ='BRSA Sorties '!D120 -> PATRICIA | T70: =S70+15 -> 15 | W70: =S70+50 -> 50 | AC70: =AB70+35 -> 35
A71: ='BRSA Sorties '!C101 -> CLERMONT | B71: ='BRSA Sorties '!D101 -> CHRISTIAN | C71: 1 | D71: 1 | Q71: 1 | R71: 46054 | S71: 46062 | T71: =S71+15 -> 46077 | U71: 0 | W71: =S71+50 -> 46112 | Z71: 46119 | AC71: =AB71+35 -> 35
A72: ='BRSA Sorties '!C110 -> ANNOUR ALI// ABDALLAH ABDRAMANE | B72: ='BRSA Sorties '!D110 -> MARIAM | T72: =S72+15 -> 15 | W72: =S72+50 -> 50 | AC72: =AB72+35 -> 35
A73: ='BRSA Sorties '!C139 -> CHERIFI | B73: ='BRSA Sorties '!D139 -> HAMZA | C73: 1 | Q73: 1 | R73: 46080 | S73: 46092 | T73: =S73+15 -> 46107 | U73: 0 | W73: =S73+50 -> 46142 | AC73: =AB73+35 -> 35
A74: ='OYONNAX NANTUA'!C36 -> LEGGUI | B74: ='OYONNAX NANTUA'!D36 -> HAFIDA | C74: 1 | H74: 1 | T74: =S74+15 -> 15 | W74: =S74+50 -> 50 | AC74: =AB74+35 -> 35
A75: ='BRSA Sorties '!C106 -> NUNES GOUVEIA | B75: ='BRSA Sorties '!D106 -> SABRINA | C75: 1 | D75: 1 | R75: 46062 | S75: 46064 | T75: =S75+15 -> 46079 | U75: 0 | W75: =S75+50 -> 46114 | Z75: 46119 | AC75: =AB75+35 -> 35
A76: ='BRSA Sorties '!C111 -> GONNETAN | B76: ='BRSA Sorties '!D111 -> PIERRE | T76: =S76+15 -> 15 | W76: =S76+50 -> 50 | AC76: =AB76+35 -> 35
A77: ='BRSA Sorties '!C115 -> BANDATIA | B77: ='BRSA Sorties '!D115 -> ULRICH | H77: 1 | T77: =S77+15 -> 15 | W77: =S77+50 -> 50 | AC77: =AB77+35 -> 35
A78: ='OYONNAX NANTUA'!C37 -> BENHAMED | B78: ='OYONNAX NANTUA'!D37 -> ZIED | C78: 1 | D78: 1 | Q78: 1 | T78: =S78+15 -> 15 | U78: 1 | W78: =S78+50 -> 50 | AC78: =AB78+35 -> 35
A79: ='BRSA Sorties '!C122 -> DERRIEN | B79: ='BRSA Sorties '!D122 -> BRYCE | C79: 1 | D79: 1 | Q79: 1 | R79: 46070 | S79: 46078 | T79: =S79+15 -> 46093 | U79: 0 | W79: =S79+50 -> 46128 | Z79: 46154 | AC79: =AB79+35 -> 35
A80: ='OYONNAX NANTUA'!C38 -> SIOUDA | B80: ='OYONNAX NANTUA'!D38 -> OUSSAMA | F80: 1 | J80: 1 | Q80: 1 | R80: 46161 | S80: 46183 | T80: =S80+15 -> 46198 | U80: 0 | W80: =S80+50 -> 46233 | Z80: 46301 | AC80: =AB80+35 -> 35
A81: ='BRSA Sorties '!C143 -> NEUVILLE | B81: ='BRSA Sorties '!D143 -> Mickael | G81: 1 | I81: 1 | T81: =S81+15 -> 15 | W81: =S81+50 -> 50 | AC81: =AB81+35 -> 35
A82: ='BRSA Sorties '!C89 -> TOURNERY | B82: ='BRSA Sorties '!D89 -> PIERRE-LOU | C82: 1 | D82: 1 | Q82: 1 | T82: =S82+15 -> 15 | U82: 0 | W82: =S82+50 -> 50 | AC82: =AB82+35 -> 35
A83: ='BRSA Sorties '!C156 -> MARCHAND/BOUAKKAZ | B83: ='BRSA Sorties '!D156 -> DJIDA | T83: =S83+15 -> 15 | W83: =S83+50 -> 50 | AC83: =AB83+35 -> 35
A84: ='BRSA Sorties '!C85 -> YILDIRIM | B84: ='BRSA Sorties '!D85 -> AMINA | T84: =S84+15 -> 15 | W84: =S84+50 -> 50 | AC84: =AB84+35 -> 35
A85: ='BRSA Sorties '!C137 -> GOUROUVIN | B85: ='BRSA Sorties '!D137 -> Gabriel | C85: 1 | D85: 1 | Q85: 1 | R85: 46092 | S85: 46113 | T85: =S85+15 -> 46128 | U85: 0 | W85: =S85+50 -> 46163 | Z85: 46154 | AC85: =AB85+35 -> 35
A86: ='BRSA Sorties '!C95 -> YENI /OCAL | B86: ='BRSA Sorties '!D95 -> Serife | T86: =S86+15 -> 15 | W86: =S86+50 -> 50 | AC86: =AB86+35 -> 35
A87: ='BRSA Sorties '!C135 -> DIABY | B87: ='BRSA Sorties '!D135 -> MAMADOU | E87: 4 | Q87: 1 | R87: 46104 | T87: =S87+15 -> 15 | U87: 0 | W87: =S87+50 -> 50 | Z87: 46162 | AC87: =AB87+35 -> 35
A88: ='BRSA Sorties '!C144 -> TIMSILINE | B88: ='BRSA Sorties '!D144 -> DJAFFAR | G88: 1 | H88: 1 | Q88: 1 | R88: 46129 | S88: 46143 | T88: =S88+15 -> 46158 | U88: 0 | W88: =S88+50 -> 46193 | X88: 0 | Z88: 46196 | AC88: =AB88+35 -> 35
A89: ='BRSA Sorties '!C93 -> SADA | B89: ='BRSA Sorties '!D93 -> THIERRY | T89: =S89+15 -> 15 | W89: =S89+50 -> 50 | AC89: =AB89+35 -> 35
A90: ='BRSA Sorties '!C94 -> BALLEIN | B90: ='BRSA Sorties '!D94 -> JEROME | T90: =S90+15 -> 15 | W90: =S90+50 -> 50 | AC90: =AB90+35 -> 35
A91: ='BRSA Sorties '!C88 -> ERGOC /ERDOGAN | B91: ='BRSA Sorties '!D88 -> MEYREM | T91: =S91+15 -> 15 | W91: =S91+50 -> 50 | AC91: =AB91+35 -> 35
A92: ='BRSA Sorties '!C91 -> TRAORE | B92: ='BRSA Sorties '!D91 -> ISSA | C92: 1 | T92: =S92+15 -> 15 | W92: =S92+50 -> 50 | AC92: =AB92+35 -> 35
A93: ='BRSA Sorties '!C158 -> PONSON | B93: ='BRSA Sorties '!D158 -> FRANCOISE | R93: 46189 | S93: 46192 | T93: =S93+15 -> 46207 | W93: =S93+50 -> 46242 | X93: 0 | Z93: 46245 | AC93: =AB93+35 -> 35
A94: ='OYONNAX NANTUA'!C39 -> NAOUMI | B94: ='OYONNAX NANTUA'!D39 -> MILOUDA | E94: 1 | T94: =S94+15 -> 15 | W94: =S94+50 -> 50 | AC94: =AB94+35 -> 35
A95: MORFIN | B95: FREDERIC | T95: =S95+15 -> 15 | W95: =S95+50 -> 50 | AC95: =AB95+35 -> 35
A96: LEBRET | B96: ISABELLE | T96: =S96+15 -> 15 | W96: =S96+50 -> 50 | AC96: =AB96+35 -> 35
A97: SECGIN | B97: MERYEM | F97: 1 | G97: 1 | Q97: 1 | R97: 46154 | S97: 46155 | T97: =S97+15 -> 46170 | U97: 0 | W97: =S97+50 -> 46205 | AC97: =AB97+35 -> 35 | AD97: 46218
A98: COLLOMB | B98: CATHERINE | T98: =S98+15 -> 15 | W98: =S98+50 -> 50 | AC98: =AB98+35 -> 35
A99: ='OYONNAX NANTUA'!C43 -> CHAMCHAM | B99: ='OYONNAX NANTUA'!D43 -> M'barek | T99: =S99+15 -> 15 | W99: =S99+50 -> 50 | AC99: =AB99+35 -> 35
A100: ='OYONNAX NANTUA'!C44 -> CHEVAUCHET | B100: ='OYONNAX NANTUA'!D44 -> Andy | T100: =S100+15 -> 15 | W100: =S100+50 -> 50 | AC100: =AB100+35 -> 35
...

Sheet Bilan de parcours + démarches
C2: nombres de démarches / par semaine | I2: 7 eme mois Bilan fin de parcours | L2: nombres de démarches / par semaine | R2: 14éme mois Bilan définitif
A3: nom | B3: prenom | C3: 1er mois | D3: 2e mois | E3: 3e mois | F3: 4e mois | G3: 5e mois | H3: 6e mois | I3: demande | J3: Date | K3: Renouvellement | L3: 8e mois | M3: 9e mois | N3: 10e mois | O3: 11e mois | P3: 12e mois | Q3: 13e mois | R3: Date | S3: Préco Réo
A4: ='BRSA Sorties '!C154 -> AKHMAL | B4: ='BRSA Sorties '!D154 -> Najat | I4: Renouvellement | J4: 46101
A5: ='OYONNAX NANTUA'!C13 -> AL-RIHEMAWEE | B5: ='OYONNAX NANTUA'!D13 -> Qays
A6: ='OYONNAX NANTUA'!C14 -> ARBINOT | B6: ='OYONNAX NANTUA'!D14 -> Alexandre | I6: Renouvellement | J6: 46064 | K6: 1
A7: ='BRSA Sorties '!C98 -> BASSI | B7: ='BRSA Sorties '!D98 -> Stephanie
A8: ='BRSA Sorties '!C132 -> BAYIRTEPE | B8: ='BRSA Sorties '!D132 -> Gulsah
A9: ='BRSA Sorties '!C121 -> BERTHET-BONDET | B9: ='BRSA Sorties '!D121 -> Franck
A10: ='BRSA Sorties '!C97 -> BOSCHMANS | B10: ='BRSA Sorties '!D97 -> Franck
A11: ='BRSA Sorties '!C153 -> BRAHIMI | B11: ='BRSA Sorties '!D153 -> Farida
A12: ='BRSA Sorties '!C123 -> BRASSART | B12: ='BRSA Sorties '!D123 -> Cindy
A13: ='OYONNAX NANTUA'!C15 -> CAVDAR | B13: ='OYONNAX NANTUA'!D15 -> Tugay
A14: ='BRSA Sorties '!C84 -> CHHUN | B14: ='BRSA Sorties '!D84 -> Sophanna | I14: Renouvellement | J14: 46090 | K14: 0
A15: ='OYONNAX NANTUA'!C16 -> CIMEN | B15: ='OYONNAX NANTUA'!D16 -> Mehmet
A16: ='OYONNAX NANTUA'!#REF! -> #REF! | B16: ='OYONNAX NANTUA'!#REF! -> #REF!
A17: ='OYONNAX NANTUA'!C17 -> DESSAINTJEAN | B17: ='OYONNAX NANTUA'!D17 -> Amandine | I17: Renouvellement | J17: 46114 | L17: 3
A18: ='BRSA Sorties '!C124 -> DUBOT | B18: ='BRSA Sorties '!D124 -> Sébastien
A19: ='BRSA Sorties '!C125 -> EL JABBAR | B19: ='BRSA Sorties '!D125 -> Anass
A20: ='BRSA Sorties '!C113 -> EL-HAMDI | B20: ='BRSA Sorties '!D113 -> Mourad
A21: ='OYONNAX NANTUA'!C18 -> ERAMIL | B21: ='OYONNAX NANTUA'!D18 -> Erhan
A22: ='BRSA Sorties '!C96 -> ERSOY | B22: ='BRSA Sorties '!D96 -> Salih
A23: ='BRSA Sorties '!C83 -> EZZARHOUNI | B23: ='BRSA Sorties '!D83 -> Nesrdine | I23: Réo FT | J23: 46098
A24: ='BRSA Sorties '!C155 -> GAYNUTDINOV | B24: ='BRSA Sorties '!D155 -> Rafael
A25: ='OYONNAX NANTUA'!C19 -> JUILLARD | B25: ='OYONNAX NANTUA'!D19 -> Frédéric | I25: Renouvellement | J25: 46094 | K25: 1
A26: ='BRSA Sorties '!C151 -> KAMENICA | B26: ='BRSA Sorties '!D151 -> Ardit
A27: ='OYONNAX NANTUA'!C20 -> KANBOUI | B27: ='OYONNAX NANTUA'!D20 -> Zineb | I27: Renouvellement | J27: 46125
A28: ='BRSA Sorties '!C128 -> KARIAM | B28: ='BRSA Sorties '!D128 -> Omar
A29: ='OYONNAX NANTUA'!C21 -> KONMAZ | B29: ='OYONNAX NANTUA'!D21 -> Ayse | I29: Renouvellement | J29: 46125
A30: ='OYONNAX NANTUA'!C22 -> LAOUFI | B30: ='OYONNAX NANTUA'!D22 -> Hamza
A31: ='BRSA Sorties '!C134 -> LEANG DATH | B31: ='BRSA Sorties '!D134 -> Benoît | I31: Renouvellement | J31: 46043 | K31: 1
A32: ='BRSA Sorties '!C112 -> LIEU | B32: ='BRSA Sorties '!D112 -> Ophelie-kim
A33: ='BRSA Sorties '!C131 -> MAADOUR | B33: ='BRSA Sorties '!D131 -> Anas
A34: ='BRSA Sorties '!C107 -> MEHALLEL | B34: ='BRSA Sorties '!D107 -> Salim | I34: Renouvellement | J34: 46076 | K34: 1
A35: ='OYONNAX NANTUA'!C24 -> MOHAMMAD | B35: ='OYONNAX NANTUA'!D24 -> Sania
A36: ='BRSA Sorties '!C140 -> MUTLU | B36: ='BRSA Sorties '!D140 -> Mualla | I36: Renouvellement | J36: 46126
A37: ='OYONNAX NANTUA'!C25 -> NACIRY | B37: ='OYONNAX NANTUA'!D25 -> Moussa | I37: Renouvellement | J37: 46113
A38: ='BRSA Sorties '!C136 -> OULAKBIR | B38: ='BRSA Sorties '!D136 -> Touria | I38: Réo FT | J38: 46169
A39: ='BRSA Sorties '!C90 -> OZCAN | B39: ='BRSA Sorties '!D90 -> Okan
A40: ='BRSA Sorties '!C119 -> OZCAN | B40: ='BRSA Sorties '!D119 -> Kamile
A41: ='OYONNAX NANTUA'!C26 -> OZDEMIR | B41: ='OYONNAX NANTUA'!D26 -> Songul | I41: Renouvellement | J41: 46134
A42: ='BRSA Sorties '!C108 -> OZDEMIR | B42: ='BRSA Sorties '!D108 -> Emine
A43: ='BRSA Sorties '!C130 -> OZER | B43: ='BRSA Sorties '!D130 -> Ismaïl
A44: ='OYONNAX NANTUA'!C27 -> OZKAN | B44: ='OYONNAX NANTUA'!D27 -> Nezahat | I44: Renouvellement | J44: 46125
A45: ='OYONNAX NANTUA'!C28 -> OZTURK | B45: ='OYONNAX NANTUA'!D28 -> Fatma | I45: Renouvellement | J45: 46115
A46: ='BRSA Sorties '!C87 -> POPRAWA | B46: ='BRSA Sorties '!D87 -> Renata
A47: ='BRSA Sorties '!C105 -> ROSELL | B47: ='BRSA Sorties '!D105 -> Thibault
A48: ='OYONNAX NANTUA'!C29 -> SAFI | B48: ='OYONNAX NANTUA'!D29 -> Abdul
A49: ='OYONNAX NANTUA'!C30 -> SARROUKH | B49: ='OYONNAX NANTUA'!D30 -> Mohcine
A50: ='BRSA Sorties '!C133 -> SMAAL | B50: ='BRSA Sorties '!D133 -> Samir
A51: ='OYONNAX NANTUA'!C31 -> TARDY | B51: ='OYONNAX NANTUA'!D31 -> Anaïs | J51: 46129
A52: ='BRSA Sorties '!C159 -> TECHER | B52: ='BRSA Sorties '!D159 -> Anaelle | H52: 1 | I52: Renouvellement | J52: 46125
A53: ='BRSA Sorties '!C86 -> TORRES | B53: ='BRSA Sorties '!D86 -> Vicente | I53: BGE | J53: 46113
A54: ='BRSA Sorties '!C129 -> BEN EMBARECK | B54: ='BRSA Sorties '!D129 -> Wassila
A55: ='OYONNAX NANTUA'!C32 -> URCEL | B55: ='OYONNAX NANTUA'!D32 -> Steve
A56: ='BRSA Sorties '!C116 -> VENOT | B56: ='BRSA Sorties '!D116 -> Emilie
A57: ='OYONNAX NANTUA'!C23 -> LAMBREZ | B57: ='OYONNAX NANTUA'!D23 -> Angélique | I57: Renouvellement | J57: 46126
A58: ='BRSA Sorties '!C138 -> HASANI | B58: ='BRSA Sorties '!D138 -> Gazmend
A59: ='BRSA Sorties '!C109 -> ONCUL | B59: ='BRSA Sorties '!D109 -> Samet
A60: ='OYONNAX NANTUA'!C33 -> AKAKHIL | B60: ='OYONNAX NANTUA'!D33 -> Mohammed
A61: ='BRSA Sorties '!C118 -> KHAROUNI | B61: ='BRSA Sorties '!D118 -> Kaïna | I61: Réo FT
A62: ='OYONNAX NANTUA'!C34 -> GUERIAUD | B62: ='OYONNAX NANTUA'!D34 -> Sabrina | H62: 1 | I62: Renouvellement | J62: 46164
A63: ='OYONNAX NANTUA'!C35 -> BELHASSAN | B63: ='OYONNAX NANTUA'!D35 -> Ilham
A64: ='BRSA Sorties '!C100 -> TEKELI | B64: ='BRSA Sorties '!D100 -> Atilyahan
A65: ='BRSA Sorties '!C102 -> GELAJ | B65: ='BRSA Sorties '!D102 -> Bekim
A66: ='BRSA Sorties '!C117 -> RIVIERE | B66: ='BRSA Sorties '!D117 -> Cindy | I66: Renouvellement | J66: 46122
A67: ='BRSA Sorties '!C82 -> NEUVILLE | B67: ='BRSA Sorties '!D82 -> ALLAN
A68: ='BRSA Sorties '!C145 -> KAPTAN | B68: ='BRSA Sorties '!D145 -> Ridvan
A69: ='BRSA Sorties '!C103 -> ONCU | B69: ='BRSA Sorties '!D103 -> ONDER
A70: ='BRSA Sorties '!C104 -> SULTANKHEL | B70: ='BRSA Sorties '!D104 -> SAMIULLAH
A71: ='BRSA Sorties '!C120 -> ROCHELLE | B71: ='BRSA Sorties '!D120 -> PATRICIA
A72: ='BRSA Sorties '!C101 -> CLERMONT | B72: ='BRSA Sorties '!D101 -> CHRISTIAN
A73: ='BRSA Sorties '!C110 -> ANNOUR ALI// ABDALLAH ABDRAMANE | B73: ='BRSA Sorties '!D110 -> MARIAM
A74: ='BRSA Sorties '!C139 -> CHERIFI | B74: ='BRSA Sorties '!D139 -> HAMZA
A75: ='OYONNAX NANTUA'!C36 -> LEGGUI | B75: ='OYONNAX NANTUA'!D36 -> HAFIDA
A76: ='BRSA Sorties '!C106 -> NUNES GOUVEIA | B76: ='BRSA Sorties '!D106 -> SABRINA
A77: ='BRSA Sorties '!C111 -> GONNETAN | B77: ='BRSA Sorties '!D111 -> PIERRE
A78: ='BRSA Sorties '!C115 -> BANDATIA | B78: ='BRSA Sorties '!D115 -> ULRICH
A79: ='OYONNAX NANTUA'!C37 -> BENHAMED | B79: ='OYONNAX NANTUA'!D37 -> ZIED
A80: ='BRSA Sorties '!C122 -> DERRIEN | B80: ='BRSA Sorties '!D122 -> BRYCE
A81: ='OYONNAX NANTUA'!C38 -> SIOUDA | B81: ='OYONNAX NANTUA'!D38 -> OUSSAMA | F81: 1 refus d offre
A82: ='BRSA Sorties '!C143 -> NEUVILLE | B82: ='BRSA Sorties '!D143 -> Mickael
A83: ='BRSA Sorties '!C89 -> TOURNERY | B83: ='BRSA Sorties '!D89 -> PIERRE-LOU
A84: ='BRSA Sorties '!C156 -> MARCHAND/BOUAKKAZ | B84: ='BRSA Sorties '!D156 -> DJIDA
A85: ='BRSA Sorties '!C85 -> YILDIRIM | B85: ='BRSA Sorties '!D85 -> AMINA
A86: ='BRSA Sorties '!C137 -> GOUROUVIN | B86: ='BRSA Sorties '!D137 -> Gabriel
A87: ='BRSA Sorties '!C95 -> YENI /OCAL | B87: ='BRSA Sorties '!D95 -> Serife
A88: ='BRSA Sorties '!C135 -> DIABY | B88: ='BRSA Sorties '!D135 -> MAMADOU
A89: ='BRSA Sorties '!C144 -> TIMSILINE | B89: ='BRSA Sorties '!D144 -> DJAFFAR
A90: ='BRSA Sorties '!C93 -> SADA | B90: ='BRSA Sorties '!D93 -> THIERRY
A91: ='BRSA Sorties '!C94 -> BALLEIN | B91: ='BRSA Sorties '!D94 -> JEROME | I91: Réo FT | J91: 46113
A92: ='BRSA Sorties '!C88 -> ERGOC /ERDOGAN | B92: ='BRSA Sorties '!D88 -> MEYREM
A93: ='BRSA Sorties '!C91 -> TRAORE | B93: ='BRSA Sorties '!D91 -> ISSA
A94: ='BRSA Sorties '!C158 -> PONSON | B94: ='BRSA Sorties '!D158 -> FRANCOISE
A95: ='OYONNAX NANTUA'!C39 -> NAOUMI | B95: ='OYONNAX NANTUA'!D39 -> MILOUDA
A96: GOUROUVIN | B96: GABRIEL
A97: LEBRET | B97: ISABELLE
A98: SECGIN | B98: MERYEM

Sheet Tableau croisé ne pas toucher 
A1: Valeurs | C1: Étiquettes de lignes | D1: Nombre de H/F
A2: Moyenne de âge | B2: 42.876404 | C2: Madame | D2: 68
A3: Nombre de CONTRAT ENGAGEMENT SIGNE | B3: 112 | C3: Monsieur | D3: 117
A4: Nombre de BILAN PARCOURS (7eme mois) | B4: 23 | C4: (vide)
A5: Somme de PMSMP | B5: 25 | C5: Total général | D5: 185
A6: Nombre de H/F | B6: 185
A7: Nombre de Saisie FSE | B7: 85
A8: Nombre de AIDE FINANCIERE
E10: Étiquettes de lignes | F10: Nombre de types
E11: France Travail | F11: 8
E12: FT SIAE | F12: 2
E13: (vide)
E14: CDI >ou= 24h | F14: 1
E15: Créa | F15: 2
E16: Stagiaire en formation | F16: 2
E17: Total général | F17: 15
E19: Bilan de parcours + démarches
E20: Nombre de 1er mois
E21: Nombre de 2e mois
E22: Nombre de 3e mois
E23: Nombre de 4e mois | F23: 1
E24: Nombre de 5e mois
E25: Nombre de 6e mois | F25: 2
E26: Nombre de demande | F26: 23
E27: Nombre de Renouvellement | F27: 5
E28: Nombre de 8e mois | F28: 1
E29: Nombre de 9e mois
E30: Nombre de 11e mois
E31: Nombre de 10e mois
A32: Valeurs | E32: Nombre de 12e mois
A33: Somme de 1ER RDV | B33: 54 | E33: Nombre de Préco Réo
A34: Somme de 2EME | B34: 28
A35: Nombre de 1er mois | B35: 4
A36: Nombre de 2e mois | B36: 6
A37: Nombre de 3e mois | B37: 5 | D37: Étiquettes de lignes | E37: Nombre de MOTIF de la REO | F37: Nombre de Motif de sortie
A38: Nombre de 4e mois | B38: 5 | D38: autre | E38: 1 | F38: 25
A39: Nombre de 5e mois | B39: 1 | D39: Social freins+ | E39: 1 | F39: 1
A40: Nombre de 6e mois | B40: 6 | D40: (vide) | F40: 24
A41: Nombre de 7e mois | B41: 2 | D41: Déménagement | F41: 1
A42: Nombre de 8e mois | B42: 5 | D42: (vide) | F42: 1
A43: Nombre de 9e mois | B43: 1 | D43: Fin DD | F43: 13
A44: Nombre de 10e mois | B44: 1 | D44: (vide) | F44: 13
A45: Nombre de 11e mois | B45: 1 | D45: Positive | E45: 7 | F45: 7
A46: Nombre de 12e mois | D46: BGE | E46: 2 | F46: 2
A47: Nombre de Dde etude de situation. | B47: 31 | D47: FT acc pro | E47: 5 | F47: 5
A48: Nombre de date de la demande | B48: 27 | D48: Renonciation RSA | F48: 7
D49: (vide) | F49: 7
D50: Réorientation | E50: 74 | F50: 74
D51: Arret mal longue durée | E51: 4 | F51: 4
D52: BGE | E52: 5 | F52: 5
D53: FT acc pro | E53: 18 | F53: 18
D54: FT acco glo | E54: 4 | F54: 4
D55: Social freins+ | E55: 29 | F55: 29
D56: Sociale AAH | E56: 4 | F56: 4
D57: Sociale maternité | E57: 1 | F57: 1
D58: Sociale retraite | E58: 9 | F58: 9
D59: (vide)
D60: (vide)
D61: Total général | E61: 82 | F61: 127

Sheet liste deroulante
A1: Années après le Bac | B1: Titre du diplôme | C1: Niveau de diplôme | F1: Réorientation | H1: Sorties | J1: Sorties
B2: Aucun diplôme | F2: Sociale AAH | G2: Emploi | H2: Positive | J2: CDI >ou= 24h
A3: - | B3: CAP, BEP | C3: 3 (anciennement V) | E3: H | F3: Sociale retraite | G3: Formation | H3: Réorientation | J3: CDD +6mois >ou=254h
A4: Bac | B4: Baccalauréat | C4: 4 (anciennement IV) | E4: F | F4: Sociale maternité | G4: Créa entreprise | H4: Déménagement | J4: Créa
A5: Bac+2 | B5: DEUG, BTS, DUT, DEUST | C5: 5 (anciennement III) | F5: Social freins+ | G5: France Travail | H5: Fin DD | J5: Interim>ou= à 970h cumulées / an
A6: Bac+3 | B6: Licence, licence professionnelle | C6: 6 (anciennement II) | F6: Arret mal longue durée | H6: autre | J6: Stagiaire en formation
A7: Bac+4 | B7: Maîtrise, master 1 | C7: 6 (anciennement II) | F7: BGE | H7: Renonciation RSA | J7: France Travail
A8: Bac+5 | B8: Master, diplôme d'études approfondies, diplôme d'études supérieures spécialisées, diplôme d'ingénieur | C8: 7 (anciennement I) | F8: MSA | H8: Radié( e ) suite CLI | J8: FT SIAE
A9: Bac+8 | B9: Doctorat, habilitation à diriger des recherches | C9: 8 (anciennement I) | F9: FT acc pro | H9: Mauvaise orientation
F10: FT acco glo | H10: Fin bilan parcours
D11: CLI
B12: freins | D12: 1
B13: mobilité | D13: 0
B14: garde enfants
A16: CDS | B16: Oyonnax | G16: Resultat bilan parcours
B17: Nantua | G17: Réo FT | H17: Reo FT
B18: Belley | G18: Renouvellement | H18: Réo sociale
B19: Valserhone | G19: Tripartite
B20: Pays de Gex | G20: BGE
B21: Croix Blanche
B22: Pierre Goujon
B23: Montrevel
B24: Pont de Vaux
B25: St Didier sur Chalaronne
B26: Trevoux
B27: Chatillon sur Chalaronne
B28: Amberieu
B29: Lagnieu
B30: Miribel

Sheet CODIFICATION ACTIVITE
A3: Besoin
A4: Ordre | B4: Code | C4: Libellé | D4: Libellé | E4: Libellé | F4: Volume horaire Hedbomadaire
A5: 1 | B5: P01 | C5: Choisir un métier | D5: Identification de ses points forts et de ses compétences | E5: Identifier ses points forts et ses compétences | F5: 3
D6: Information sur un métier ou un secteur d'activité | E6: S'informer sur un métier ou un secteur d'activité | F6: 3
D7: Observation en entreprise | E7: Réaliser une observation en entreprise | F7: 3
D8: Enquête métier afin de mieux connaître un métier | E8: Réaliser une enquête métier | F8: 3
D9: Participation à un salon ou un forum pour s'informer sur un métier | E9: Participer à un salon ou un forum pour s'informer sur un métier | F9: 3
A10: 2 | B10: P02 | C10: Se former | D10: Information sur un projet de formation ou de Validation des acquis de l'expérience | E10: S'informer sur un projet de formation ou de validation des acquis de l'expérience | F10: 3
D11: Montage d'un dossier d’inscription à une formation | E11: Monter son dossier de formation | F11: 3
D12: Participation à une formation | E12: Participer à une formation | F12: 35
D13: Participation à un salon ou un forum formation | E13: Participer à un salon ou un forum formation | F13: 3
D14: Initiation à l'informatique ou à Internet | E14: S'initier à l'informatique ou à Internet | F14: 3
D15: Participation à un dispositif d'insertion | E15: Participer à un dispositif d'insertion | F15: 35
A16: 3 | B16: P03 | C16: Préparer sa candidature | D16: Réalisation d'une démarche de VAE | E16: Réaliser une démarche de VAE | F16: 3
D17: Préparation de ses candidatures (CV, lettre de motivation, book) | E17: Réaliser ou mettre à jour son CV sa lettre de motivation ou son portfolio | F17: 3
E18: Développer son réseau | F18: 3
E19: S'inscrire ou compléter son profil sur un réseau professionnel | F19: 3
E20: Réaliser des activités de bénévolat | F20: 5
E21: Organiser ses démarches de recherche d’emploi | F21: 3
E22: Compléter ou publier son profil de compétence | F22: 3
A23: 4 | C23: Trouver un emploi | D23: Recherche d'offres d'emploi ou d'entreprises | E23: Rechercher des offres d'emploi ou d'entreprises | F23: 3
D24: Participation à un salon ou un forum pour rechercher des offres | E24: Participer à un salon ou un forum pour rechercher des offres d'emploi | F24: 3
D25: Réponse à des offres d'emploi | E25: Répondre à des offres d'emploi | F25: 3
D26: Candidatures spontanées | E26: Effectuer des candidatures spontanées | F26: 3
D27: Réalisation du suivi de ses candidatures et relance des recruteurs | E27: Réaliser le suivi de ses candidatures et relancer des recruteurs | F27: 3
D28: Préparation des entretiens d'embauche | E28: Préparer un entretien d'embauche | F28: 3
D29: Réalisation d'entretiens d'embauche | E29: Réaliser un entretien d'embauche | F29: 3
D30: Passation de tests de recrutement (concours, casting…) | E30: Passer des tests de recrutement (concours, casting…) | F30: 3
D31: Réalisation d'une mise en situation professionnelle dans une entreprise | E31: Réaliser une mise en situation professionnelle dans une entreprise | F31: 35
D32: Recherche de missions de service civique | E32: Rechercher des missions de service civique | F32: 3
E33: S'inscrire sur une plateforme de recrutement (agence d'intérim, cabinet de recrutement, site spécialisé…) | F33: 3
A34: 5 | B34: P05 | C34: Ma création et reprise d'entreprise | D34: Recherches pour créer ou reprendre une entreprise | E34: Effectuer des recherches pour créer ou reprendre une entreprise | F34: 3
D35: Réalisation d'une étude de marché auprès de prospects/clients /fournisseurs | E35: Réaliser une étude de marché auprès de prospects/clients /fournisseurs | F35: 3
D36: Participation à un salon ou forum pour s'informer sur la création entreprise | E36: Participer à un salon ou forum pour s'informer sur la création d'entreprise | F36: 3
D37: Réalisation d'un business plan afin de préparer la création de son entreprise | E37: Réaliser un business plan afin de préparer la création de son entreprise | F37: 3
D38: Prise de RDV avec des organismes financiers | E38: Prendre rendez-vous avec des organismes financiers | F38: 3
D39: Réalisation de démarches juridiques de création d'entreprise | E39: Réaliser des démarches juridiques de création d'entreprise | F39: 3
D40: Réalisation d'actions de communication pour faire connaitre son entreprise | E40: Réaliser des actions de communication pour faire connaître son entreprise | F40: 3
D41: Prospection pour développer sa clientèle | E41: Prospecter pour développer sa clientèle | F41: 3
D42: Développement de nouveaux partenariats | E42: Développer de nouveaux partenariats | F42: 3
D43: Mise en œuvre d'actions de fidélisation de ses clients ou utilisateurs | E43: Mettre en œuvre des actions de fidélisation de ses clients ou utilisateurs | F43: 3
D44: Organisation de son activité de dirigeant et de gestion de son entreprise | E44: Organiser son activité de dirigeant et la gestion de son entreprise | F44: 3
D45: Diversification de ses activités en proposant de nouveaux services ou produits | E45: Développer son entreprise en diversifiant ses activités | F45: 3
D46: Développement de son entreprise en procédant à des recrutements | E46: Développer son entreprise en procédant à des recrutements | F46: 3
D47: Réalisation d'autres actions pour développer son entreprise | E47: Réaliser d'autres actions pour développer son entreprise | F47: 3
A48: 6 | B48: P06 | C48: Entretiens avec un conseiller | D48: Réaliser un entretien avec un conseiller | E48: Réaliser un entretien avec un conseiller | F48: 1
A49: 8 | B49: P08 | C49: Développer sa mobilité | E49: Réaliser une démarche pour accéder aux transports en commun | F49: 1
E50: Mobiliser le réseau de transports à la demande | F50: 3
E51: Acquérir un moyen de locomotion | F51: 2
E52: Mobiliser un garage solidaire | F52: 3
E53: Constituer un dossier de financement pour l'achat d'un véhicule | F53: 5
E54: Louer un moyen de locomotion | F54: 1
E55: Participer à un rendez-vous avec un partenaire mobilité | F55: 1
E56: Constituer un dossier d'aide à la mobilité | F56: 3
E57: Résoudre ses problématiques de mobilité psychologique | F57: 3
E58: Entretenir ou réparer son véhicule | F58: 3
E59: Mettre en place une solution de covoiturage | F59: 3
E60: S'inscrire en auto-école | F60: 1
E61: Participer à un cours de code/conduite | F61: 1
... E64: Récupérer son permis de conduire | F64: 1
A65: 9 | B65: P09 | C65: Accéder au numérique et en maîtriser les fondamentaux | E65: Acquérir un équipement informatique | F65: 3
E66: Accéder à une connexion Internet | F66: 3
E67: Réaliser le test PIX | F67: 1
E68: Participer à un rendez-vous avec un partenaire "numérique" | F68: 1
E69: Participer à un cours d'initiation à l'informatique/internet | F69: 5
E70: S'informer/se former à la confidentialité sur internet (RGPD…) | F70: 3
E71: Solliciter l'écrivain public numérique | F71: 2
E72: Participer à une formation numérique (PIX) | F72: 7
D73: Evaluation des compétences numériques | E73: Évaluer ses compétences numériques | F73: 1
A74: 10 | B74: P10 | C74: Faire face à des difficultés administratives et juridiques | E74: S'informer sur les voies de recours suite à une discrimination | F74: 3
E75: Réaliser des démarches administratives liées à l'état civil | F75: 3
E76: Participer à un rendez-vous avec un partenaire "administratif" | F76: 1
E77: Réaliser une demande de procédure judiciaire | F77: 2
E78: Participer à un rendez-vous avec un partenaire "juridique" | F78: 1
E79: Faire une demande d'aide juridictionnelle, conseil juridique | F79: 3
E80: Réaliser une déclaration de situation (impôt, CAF…) | F80: 1
E81: Réaliser une demande à la préfecture | F81: 4
E82: Classer ses documents administratifs | F82: 2
E83: Réaliser une demande de prestation ou droit (CAF, MSA…) | F83: 3
E84: Accéder aux informations et aides disponibles pour les aidants | F84: 3
E85: S'actualiser et rester inscrit à France Travail | F85: 1
A86: 11 | B86: P11 | C86: Faire face à des difficultés de logement | E86: Participer à un rendez-vous avec un partenaire logement | F86: 1
E87: Réaliser un diagnostic de précarité énergétique | F87: 5
E88: Réaliser une demande d'aide d'amélioration de l'habitat | F88: 3
E89: Monter un dossier de demande d'aide au logement (DALO, DAHO…) | F89: 3
E90: Appeler le 115 | F90: 2
E91: Réaliser une demande de logement social | F91: 3
E92: Réaliser une visite de logement | F92: 3
E93: Réaliser une demande de domiciliation auprès d'un CCAS | F93: 3
E94: Réaliser des démarches dans le cadre du maintien dans le logement | F94: 3
E95: Effectuer des démarches dans le cadre d'une procédure d'expulsion | F95: 3
A96: 12 | B96: P12 | C96: Faire face à des difficultés financières | E96: Réaliser une demande de plan de surendettement | F96: 5
E97: Faire valoir ses droits à une pension (retraite, réversion...) | F97: 2
E98: Réaliser une demande d'aide alimentaire | F98: 1
E99: Participer à un rendez-vous avec un partenaire "Budget/Finance" | F99: 1
E100: Ouvrir un compte bancaire | F100: 3
E101: Réaliser une demande de micro-crédit social | F101: 2
E102: Réaliser une demande de carte solidaire (SNCF, Pass Solidaire) | F102: 3
E103: Monter un dossier financier (microcrédit, FIP, FSL, FAJ...) | F103: 8
E104: Se rendre dans un point conseil budget | F104: 3
...

Sheet SANCTION RM
A1: SANCTION REMOBILISATION
J3: DATE premier SM | K3: reven
A4: 0 | B4: Monsieur | C4: OZCAN | D4: Okan | E4: 34403 | F4: 31 | I4: Oyonnax | J4: 46051
A5: 0 | B5: Monsieur | C5: COLOMBEL | D5: Mickael | E5: 31887 | F5: 38 | I5: Oyonnax | J5: 46051
A6: 0 | B6: Madame | C6: OZDEMIR | D6: Emine | E6: 28524 | F6: 47 | I6: Oyonnax | J6: 46052
A7: 0 | B7: Madame | C7: KONMAZ | D7: Ayse | E7: 27108 | F7: 51 | I7: Oyonnax | J7: 46052
A8: 1 | B8: Monsieur | C8: KAMENICA | D8: Ardit | E8: 36678 | F8: 25 | I8: Oyonnax | J8: 46052
A9: 0 | B9: Monsieur | C9: CLERMONT | D9: CHRISTIAN | E9: 25963 | F9: 54 | I9: Nantua | J9: 46052
A10: 1 | B10: Monsieur | C10: GELAJ | D10: Bekim | E10: 33445 | F10: 34 | I10: oyonnax | J10: 46052
A11: 0 | B11: Monsieur | C11: POURCHOUX | D11: GUILLAUME | E11: 28416 | F11: 48 | G11: non soumis D&D depuis Oct 2025 | I11: Oyonnax | J11: 46052
A12: 0 | B12: Monsieur | C12: NEUVILLE | D12: ALLAN | E12: 33079 | F12: 35 | I12: Nantua | J12: 46052
A13: 0 | B13: Madame | C13: ONCU | D13: ONDER | E13: 32076 | F13: 38 | I13: Nantua | J13: 46052
A14: 0 | B14: Monsieur | C14: AKAKHIL | D14: Mohammed | E14: 36526 | F14: 25 | I14: Oyonnax | J14: 46059
A15: 1 | B15: Monsieur | C15: NACIRY | D15: Moussa | E15: 31510 | F15: 39 | I15: Oyonnax | J15: 46059
A16: 0 | B16: Monsieur | C16: ROSELL | D16: Thibault | E16: 30824 | F16: 41 | I16: Oyonnax | J16: 46059
A17: 0 | B17: Monsieur | C17: TEKELI | D17: Atilyahan | E17: 29674 | F17: 44 | I17: oyonnax | J17: 46059
A18: 0 | B18: Monsieur | C18: SULTANKHEL | D18: SAMIULLAH | I18: Oyonnax | J18: 46062
A19: 0 | B19: Madame | C19: NUNES GOUVEIA | D19: SABRINA | E19: 32367 | F19: 37 | I19: Oyonnax | J19: 46066
A20: 0 | B20: Madame | C20: BRASSART | D20: Cindy | E20: 34397 | F20: 31 | I20: Nantua | J20: 46070
A21: 0 | B21: Monsieur | C21: ONCUL | D21: Samet | E21: 34076 | F21: 32 | I21: Oyonnax | J21: 46070
A22: 0 | B22: Monsieur | C22: DERRIEN | D22: BRYCE | E22: 33082 | F22: 35 | I22: Oyonnax | J22: 46073
A23: 0 | B23: Monsieur | C23: TOURNERY | D23: PIERRE-LOU | E23: 36014 | F23: 27 | I23: Nantua | J23: 46077
A24: 0 | B24: Monsieur | C24: EL-HAMDI | D24: Mourad | E24: 30088 | F24: 43 | I24: Oyonnax | J24: 46080
A25: 0 | B25: Monsieur | C25: CHERIFI | D25: HAMZA | E25: 28/11/1993 | F25: 32 | I25: Oyonnax | J25: 46078
A26: 0 | B26: Monsieur | C26: DUBOT | D26: Sébastien | E26: 27167 | F26: 51 | I26: Nantua
A28: =SUM(A26) -> 0
